{
  "meta": {
    "n_queries": 1000,
    "seeds": [
      0,
      1,
      2
    ],
    "k_values": [
      10
    ],
    "datasets": [
      "synthetic_uniform"
    ],
    "methods": [
      "annoy"
    ]
  },
  "results": {
    "synthetic_uniform": {
      "annoy": {
        "10": [
          {
            "params": {
              "n_trees": 50,
              "search_k": 50000
            },
            "aggregate": {
              "recall_mean": 0.9111333333333335,
              "recall_std": 0.0014636332266733676,
              "speedup_mean": 1.1192577553789376,
              "speedup_std": 0.018103923619422816,
              "query_time_ms_mean": 31.902674357096355,
              "query_time_ms_std": 0.8399051794210858,
              "scan_ratio_mean": 0.4191603370370371,
              "scan_ratio_std": 3.0006442838131772e-05,
              "dist_ratio_mean": 0.4191603370370371,
              "dist_ratio_std": 3.0006442838107713e-05,
              "build_time_mean": 22.810779637346666,
              "build_time_std": 1.391471338480491,
              "expected_misses_mean": null,
              "expected_misses_median": null,
              "n_seeds": 3
            },
            "seeds": [
              {
                "seed": 0,
                "recall_mean": 0.9102000000000001,
                "recall_std": 0.09053154146483974,
                "speedup_mean": 1.1104367154385508,
                "speedup_std": 0.13083060261160542,
                "scan_ratio_mean": 0.4191943,
                "scan_ratio_std": 0.0016622822267467177,
                "dist_ratio_mean": 0.4191943,
                "dist_ratio_std": 0.001662282226746717,
                "build_time": 24.755238379351795,
                "mean_exact_time_ms": 35.6065354719758,
                "query_time_ms_mean": 32.92967987060547,
                "query_time_ms_std": 7.4691338539123535,
                "expected_misses_mean": null,
                "expected_misses_median": null
              },
              {
                "seed": 1,
                "recall_mean": 0.9132000000000001,
                "recall_std": 0.08628881735196049,
                "speedup_mean": 1.1028531362334677,
                "speedup_std": 0.09682230072388298,
                "scan_ratio_mean": 0.4191213222222222,
                "scan_ratio_std": 0.0016069316071320523,
                "dist_ratio_mean": 0.41912132222222226,
                "dist_ratio_std": 0.0016069316071320521,
                "build_time": 22.100464143790305,
                "mean_exact_time_ms": 34.78234981559217,
                "query_time_ms_mean": 31.905994415283203,
                "query_time_ms_std": 4.200697422027588,
                "expected_misses_mean": null,
                "expected_misses_median": null
              },
              {
                "seed": 2,
                "recall_mean": 0.91,
                "recall_std": 0.09230384607371461,
                "speedup_mean": 1.1444834144647944,
                "speedup_std": 0.021928154132055202,
                "scan_ratio_mean": 0.41916538888888893,
                "scan_ratio_std": 0.0016745152891818281,
                "dist_ratio_mean": 0.41916538888888893,
                "dist_ratio_std": 0.0016745152891818288,
                "build_time": 21.576636388897896,
                "mean_exact_time_ms": 35.31699083466083,
                "query_time_ms_mean": 30.87234878540039,
                "query_time_ms_std": 0.7334340214729309,
                "expected_misses_mean": null,
                "expected_misses_median": null
              }
            ]
          },
          {
            "params": {
              "n_trees": 50,
              "search_k": 75000
            },
            "aggregate": {
              "recall_mean": 0.9617000000000001,
              "recall_std": 0.00043204937989391255,
              "speedup_mean": 0.794218952572661,
              "speedup_std": 0.004341287712235065,
              "query_time_ms_mean": 46.38264465332031,
              "query_time_ms_std": 0.1777295274988258,
              "scan_ratio_mean": 0.5475498518518519,
              "scan_ratio_std": 5.143778481277505e-05,
              "dist_ratio_mean": 0.5475498518518519,
              "dist_ratio_std": 5.1437784812782445e-05,
              "build_time_mean": 19.051119326303404,
              "build_time_std": 2.2333031135156785,
              "expected_misses_mean": null,
              "expected_misses_median": null,
              "n_seeds": 3
            },
            "seeds": [
              {
                "seed": 0,
                "recall_mean": 0.9615,
                "recall_std": 0.059730645400832554,
                "speedup_mean": 0.7966383521388277,
                "speedup_std": 0.06698157023333867,
                "scan_ratio_mean": 0.5475395777777778,
                "scan_ratio_std": 0.0019204503122901427,
                "dist_ratio_mean": 0.5475395777777777,
                "dist_ratio_std": 0.0019204503122901432,
                "build_time": 21.972842203453183,
                "mean_exact_time_ms": 36.34762650169432,
                "query_time_ms_mean": 46.13134002685547,
                "query_time_ms_std": 6.040101528167725,
                "expected_misses_mean": null,
                "expected_misses_median": null
              },
              {
                "seed": 1,
                "recall_mean": 0.9623000000000002,
                "recall_std": 0.05940294605488855,
                "speedup_mean": 0.7881225312091077,
                "speedup_std": 0.06546286564867097,
                "scan_ratio_mean": 0.5476173555555556,
                "scan_ratio_std": 0.0019960979885148633,
                "dist_ratio_mean": 0.5476173555555556,
                "dist_ratio_std": 0.001996097988514864,
                "build_time": 18.62906285841018,
                "mean_exact_time_ms": 36.25328589975834,
                "query_time_ms_mean": 46.504276275634766,
                "query_time_ms_std": 6.179904460906982,
                "expected_misses_mean": null,
                "expected_misses_median": null
              },
              {
                "seed": 2,
                "recall_mean": 0.9613,
                "recall_std": 0.06141913382652021,
                "speedup_mean": 0.7978959743700471,
                "speedup_std": 0.0720608820277181,
                "scan_ratio_mean": 0.5474926222222223,
                "scan_ratio_std": 0.0019241116309598736,
                "dist_ratio_mean": 0.5474926222222223,
                "dist_ratio_std": 0.0019241116309598727,
                "build_time": 16.551452917046845,
                "mean_exact_time_ms": 36.54125415440649,
                "query_time_ms_mean": 46.5123176574707,
                "query_time_ms_std": 8.195491790771484,
                "expected_misses_mean": null,
                "expected_misses_median": null
              }
            ]
          },
          {
            "params": {
              "n_trees": 50,
              "search_k": 100000
            },
            "aggregate": {
              "recall_mean": 0.9831,
              "recall_std": 0.0003559026084010357,
              "speedup_mean": 0.6005206252016707,
              "speedup_std": 0.05228421305625282,
              "query_time_ms_mean": 53.92095184326172,
              "query_time_ms_std": 1.7563395374472748,
              "scan_ratio_mean": 0.6458787666666667,
              "scan_ratio_std": 7.997863346359663e-05,
              "dist_ratio_mean": 0.6458787666666667,
              "dist_ratio_std": 7.997863346357482e-05,
              "build_time_mean": 12.901541223439077,
              "build_time_std": 3.2296176214897896,
              "expected_misses_mean": null,
              "expected_misses_median": null,
              "n_seeds": 3
            },
            "seeds": [
              {
                "seed": 0,
                "recall_mean": 0.9828,