{
  "meta": {
    "n_queries": 1000,
    "seeds": [
      0,
      1,
      2
    ],
    "k_values": [
      10
    ],
    "datasets": [
      "sift1m"
    ],
    "methods": [
      "annoy"
    ]
  },
  "results": {
    "sift1m": {
      "annoy": {
        "10": [
          {
            "params": {
              "n_trees": 50,
              "search_k": 20000
            },
            "aggregate": {
              "recall_mean": 0.9804333333333334,
              "recall_std": 0.0024904261125803773,
              "speedup_mean": 184.80325026809058,
              "speedup_std": 3.554079036522428,
              "query_time_ms_mean": 1.7483715216318767,
              "query_time_ms_std": 0.021198933133573274,
              "scan_ratio_mean": 0.02,
              "scan_ratio_std": 0.0,
              "dist_ratio_mean": 0.02,
              "dist_ratio_std": 0.0,
              "build_time_mean": 10.227945066988468,
              "build_time_std": 0.0876109641150221,
              "expected_misses_mean": null,
              "expected_misses_median": null,
              "n_seeds": 3
            },
            "seeds": [
              {
                "seed": 0,
                "recall_mean": 0.9774,
                "recall_std": 0.0667026236365557,
                "speedup_mean": 181.52927162863932,
                "speedup_std": 19.557921974404632,
                "scan_ratio_mean": 0.02,
                "scan_ratio_std": 0.0,
                "dist_ratio_mean": 0.02,
                "dist_ratio_std": 0.0,
                "build_time": 10.253547889878973,
                "mean_exact_time_ms": 311.242797115352,
                "query_time_ms_mean": 1.7327895164489746,
                "query_time_ms_std": 0.1727997362613678,
                "expected_misses_mean": null,
                "expected_misses_median": null
              },
              {
                "seed": 1,
                "recall_mean": 0.9835,
                "recall_std": 0.052132043888572024,
                "speedup_mean": 183.1375112311261,
                "speedup_std": 18.56853748605513,
                "scan_ratio_mean": 0.02,
                "scan_ratio_std": 0.0,
                "dist_ratio_mean": 0.02,
                "dist_ratio_std": 0.0,
                "build_time": 10.320128859952092,
                "mean_exact_time_ms": 322.6575595794711,
                "query_time_ms_mean": 1.7783434391021729,
                "query_time_ms_std": 0.16451945900917053,
                "expected_misses_mean": null,
                "expected_misses_median": null
              },
              {
                "seed": 2,
                "recall_mean": 0.9804,
                "recall_std": 0.05758333092136994,
                "speedup_mean": 189.74296794450632,
                "speedup_std": 19.15242953466964,
                "scan_ratio_mean": 0.02,
                "scan_ratio_std": 0.0,
                "dist_ratio_mean": 0.02,
                "dist_ratio_std": 0.0,
                "build_time": 10.110158451134339,
                "mean_exact_time_ms": 326.07937649684027,
                "query_time_ms_mean": 1.7339816093444824,
                "query_time_ms_std": 0.1550338715314865,
                "expected_misses_mean": null,
                "expected_misses_median": null
              }
            ]
          },
          {
            "params": {
              "n_trees": 50,
              "search_k": 30000
            },
            "aggregate": {
              "recall_mean": 0.9886666666666667,
              "recall_std": 0.0021853044537444963,
              "speedup_mean": 129.99696373134472,
              "speedup_std": 1.3983824513535892,
              "query_time_ms_mean": 2.507821003595988,
              "query_time_ms_std": 0.029251032171079296,
              "scan_ratio_mean": 0.030000000000000013,
              "scan_ratio_std": 0.0,
              "dist_ratio_mean": 0.03,
              "dist_ratio_std": 0.0,
              "build_time_mean": 10.237218393012881,
              "build_time_std": 0.05560924940745444,
              "expected_misses_mean": null,
              "expected_misses_median": null,
              "n_seeds": 3
            },
            "seeds": [
              {
                "seed": 0,
                "recall_mean": 0.9858,
                "recall_std": 0.051364968607018544,
                "speedup_mean": 128.819521772185,
                "speedup_std": 13.497040424726265,
                "scan_ratio_mean": 0.030000000000000013,
                "scan_ratio_std": 1.3877787807814457e-17,
                "dist_ratio_mean": 0.03,
                "dist_ratio_std": 0.0,
                "build_time": 10.277906977804378,
                "mean_exact_time_ms": 322.9487826640252,
                "query_time_ms_mean": 2.531698226928711,
                "query_time_ms_std": 0.23874017596244812,
                "expected_misses_mean": null,
                "expected_misses_median": null
              },
              {
                "seed": 1,
                "recall_mean": 0.9911,
                "recall_std": 0.037825784856364834,
                "speedup_mean": 131.96170543932516,
                "speedup_std": 13.05237721109132,
                "scan_ratio_mean": 0.030000000000000013,
                "scan_ratio_std": 1.3877787807814457e-17,
                "dist_ratio_mean": 0.03,
                "dist_ratio_std": 0.0,
                "build_time": 10.15859106509015,
                "mean_exact_time_ms": 322.6111112195067,
                "query_time_ms_mean": 2.466627597808838,
                "query_time_ms_std": 0.22361287474632263,
                "expected_misses_mean": null,
                "expected_misses_median": null
              },
              {
                "seed": 2,
                "recall_mean": 0.9891000000000001,
                "recall_std": 0.04279240586833136,
                "speedup_mean": 129.20966398252395,
                "speedup_std": 13.141017607713536,
                "scan_ratio_mean": 0.030000000000000013,
                "scan_ratio_std": 1.3877787807814457e-17,
                "dist_ratio_mean": 0.03,
                "dist_ratio_std": 0.0,
                "build_time": 10.275157136144117,
                "mean_exact_time_ms": 323.3222052359488,
                "query_time_ms_mean": 2.525137186050415,
                "query_time_ms_std": 0.22772251069545746,
                "expected_misses_mean": null,
                "expected_misses_median": null
              }
            ]
          },
          {
            "params": {
              "n_trees": 50,
              "search_k": 40000
            },
            "aggregate": {
              "recall_mean": 0.9919333333333333,
              "recall_std": 0.001633673433979092,
              "speedup_mean": 102.14165836085886,
              "speedup_std": 1.1368089578257623,
              "query_time_ms_mean": 3.1920862197875977,
              "query_time_ms_std": 0.041151868508828314,
              "scan_ratio_mean": 0.04,
              "scan_ratio_std": 0.0,
              "dist_ratio_mean": 0.04,
              "dist_ratio_std": 0.0,
              "build_time_mean": 10.149198452398801,
              "build_time_std": 0.08807866464637247,
              "expected_misses_mean": null,
              "expected_misses_median": null,
              "n_seeds": 3
            },
            "seeds": [
              {
                "seed": 0,
                "recall_mean": 0.9899,
                "recall_std": 0.0436805448683965,
                "speedup_mean": 103.74890221285075,
                "speedup_std": 10.615280042664246,
                "scan_ratio_mean": 0.04,
                "scan_ratio_std": 0.0,
                "dist_ratio_mean": 0.04,
                "dist_ratio_std": 0.0,
                "build_time": 10.111520237056538,
                "mean_exact_time_ms": 324.20314761647023,
                "query_time_ms_mean": 3.1544137001037598,