{
  "meta": {
    "n_queries": 1000,
    "seeds": [
      0,
      1,
      2
    ],
    "k_values": [
      10
    ],
    "datasets": [
      "glove"
    ],
    "methods": [
      "hnsw"
    ]
  },
  "results": {
    "glove": {
      "hnsw": {
        "10": [
          {
            "params": {
              "M": 16,
              "ef_construction": 200,
              "ef": 500
            },
            "aggregate": {
              "recall_mean": 0.9488666666666669,
              "recall_std": 0.002735365098523884,
              "speedup_mean": 158.33947999623618,
              "speedup_std": 14.594890654138144,
              "query_time_ms_mean": 1.6213200489679973,
              "query_time_ms_std": 0.15569209259168273,
              "scan_ratio_mean": 0.0013888888888888883,
              "scan_ratio_std": 0.0,
              "dist_ratio_mean": 0.001388888888888889,
              "dist_ratio_std": 0.0,
              "build_time_mean": 19.636412191980828,
              "build_time_std": 1.0739834213781072,
              "expected_misses_mean": null,
              "expected_misses_median": null,
              "n_seeds": 3
            },
            "seeds": [
              {
                "seed": 0,
                "recall_mean": 0.945,
                "recall_std": 0.09672124895802368,
                "speedup_mean": 144.3892952933102,
                "speedup_std": 48.6699650299064,
                "scan_ratio_mean": 0.0013888888888888883,
                "scan_ratio_std": 6.505213034913027e-19,
                "dist_ratio_mean": 0.001388888888888889,
                "dist_ratio_std": 0.0,
                "build_time": 21.00029978202656,
                "mean_exact_time_ms": 245.03053237730637,
                "query_time_ms_mean": 1.8028331995010376,
                "query_time_ms_std": 0.3351922333240509,
                "expected_misses_mean": null,
                "expected_misses_median": null
              },
              {
                "seed": 1,
                "recall_mean": 0.9507000000000001,
                "recall_std": 0.09294896449127338,
                "speedup_mean": 178.48880894323142,
                "speedup_std": 52.275125550956986,
                "scan_ratio_mean": 0.0013888888888888883,
                "scan_ratio_std": 6.505213034913027e-19,
                "dist_ratio_mean": 0.001388888888888889,
                "dist_ratio_std": 0.0,
                "build_time": 18.375660513993353,
                "mean_exact_time_ms": 242.05341553408653,
                "query_time_ms_mean": 1.4226293563842773,
                "query_time_ms_std": 0.24284498393535614,
                "expected_misses_mean": null,
                "expected_misses_median": null
              },
              {
                "seed": 2,
                "recall_mean": 0.9509000000000001,
                "recall_std": 0.0891021324099485,
                "speedup_mean": 152.14033575216698,
                "speedup_std": 46.47346008759326,
                "scan_ratio_mean": 0.0013888888888888883,
                "scan_ratio_std": 6.505213034913027e-19,
                "dist_ratio_mean": 0.001388888888888889,
                "dist_ratio_std": 0.0,
                "build_time": 19.533276279922575,
                "mean_exact_time_ms": 236.59570138016716,
                "query_time_ms_mean": 1.6384975910186768,
                "query_time_ms_std": 0.2908933162689209,
                "expected_misses_mean": null,
                "expected_misses_median": null
              }
            ]
          },
          {
            "params": {
              "M": 16,
              "ef_construction": 200,
              "ef": 600
            },
            "aggregate": {
              "recall_mean": 0.9542000000000002,
              "recall_std": 0.0010614455552060036,
              "speedup_mean": 113.0471998718034,
              "speedup_std": 8.286128889214105,
              "query_time_ms_mean": 2.4247204462687173,
              "query_time_ms_std": 0.11404973575287812,
              "scan_ratio_mean": 0.0016666666666666668,
              "scan_ratio_std": 0.0,
              "dist_ratio_mean": 0.0016666666666666668,
              "dist_ratio_std": 0.0,
              "build_time_mean": 23.550745457100373,
              "build_time_std": 0.6282203045673894,
              "expected_misses_mean": null,
              "expected_misses_median": null,
              "n_seeds": 3
            },
            "seeds": [
              {
                "seed": 0,
                "recall_mean": 0.9534000000000001,
                "recall_std": 0.08711165249264877,
                "speedup_mean": 102.03930890044884,
                "speedup_std": 36.764296847932584,
                "scan_ratio_mean": 0.0016666666666666668,
                "scan_ratio_std": 0.0,
                "dist_ratio_mean": 0.0016666666666666668,
                "dist_ratio_std": 0.0,
                "build_time": 23.585896307136863,
                "mean_exact_time_ms": 242.77679258259013,
                "query_time_ms_mean": 2.5359504222869873,
                "query_time_ms_std": 0.47020524740219116,
                "expected_misses_mean": null,
                "expected_misses_median": null
              },
              {
                "seed": 1,
                "recall_mean": 0.9535,
                "recall_std": 0.09037560511553988,
                "speedup_mean": 115.07125308542957,
                "speedup_std": 39.62982250679343,
                "scan_ratio_mean": 0.0016666666666666668,
                "scan_ratio_std": 0.0,
                "dist_ratio_mean": 0.0016666666666666668,
                "dist_ratio_std": 0.0,
                "build_time": 24.301977185998112,
                "mean_exact_time_ms": 268.22885180357844,
                "query_time_ms_mean": 2.4702584743499756,
                "query_time_ms_std": 0.4378727972507477,
                "expected_misses_mean": null,
                "expected_misses_median": null
              },
              {
                "seed": 2,
                "recall_mean": 0.9557,
                "recall_std": 0.08583420064286729,
                "speedup_mean": 122.03103762953178,
                "speedup_std": 39.39506330649602,
                "scan_ratio_mean": 0.0016666666666666668,
                "scan_ratio_std": 0.0,
                "dist_ratio_mean": 0.0016666666666666668,
                "dist_ratio_std": 0.0,
                "build_time": 22.76436287816614,
                "mean_exact_time_ms": 261.8008732991293,
                "query_time_ms_mean": 2.2679524421691895,
                "query_time_ms_std": 0.4070076048374176,
                "expected_misses_mean": null,
                "expected_misses_median": null
              }
            ]
          },
          {
            "params": {
              "M": 16,
              "ef_construction": 200,
              "ef": 700
            },
            "aggregate": {
              "recall_mean": 0.9590000000000001,
              "recall_std": 0.0017907168024750449,
              "speedup_mean": 106.67267277922213,
              "speedup_std": 6.487897846439316,
              "query_time_ms_mean": 2.5425291856129966,
              "query_time_ms_std": 0.14788010675783564,
              "scan_ratio_mean": 0.001944444444444444,
              "scan_ratio_std": 0.0,
              "dist_ratio_mean": 0.0019444444444444442,
              "dist_ratio_std": 2.168404344971009e-19,
              "build_time_mean": 23.06281035626307,
              "build_time_std": 1.1724342859470225,
              "expected_misses_mean": null,
              "expected_misses_median": null,
              "n_seeds": 3
            },
            "seeds": [
              {
                "seed": 0,
                "recall_mean": 0.9581000000000002,
                "recall_std": 0.08083557385211042,
                "speedup_mean": 110.77718744307492,
                "speedup_std": 40.892336735085706,