{
  "meta": {
    "n_queries": 1000,
    "seeds": [
      0,
      1,
      2
    ],
    "k_values": [
      10
    ],
    "datasets": [
      "fashion_mnist"
    ],
    "methods": [
      "hnsw"
    ]
  },
  "results": {
    "fashion_mnist": {
      "hnsw": {
        "10": [
          {
            "params": {
              "M": 16,
              "ef_construction": 200,
              "ef": 8
            },
            "aggregate": {
              "recall_mean": 0.9313666666666668,
              "recall_std": 0.0038438984840336423,
              "speedup_mean": 1442.165074027668,
              "speedup_std": 123.70479789748049,
              "query_time_ms_mean": 0.06555438786745071,
              "query_time_ms_std": 0.001648049282058206,
              "scan_ratio_mean": 0.00013333333333333337,
              "scan_ratio_std": 0.0,
              "dist_ratio_mean": 0.00013333333333333334,
              "dist_ratio_std": 0.0,
              "build_time_mean": 1.950801472645253,
              "build_time_std": 0.032089322528878,
              "expected_misses_mean": null,
              "expected_misses_median": null,
              "n_seeds": 3
            },
            "seeds": [
              {
                "seed": 0,
                "recall_mean": 0.9288000000000001,
                "recall_std": 0.1170921005021261,
                "speedup_mean": 1413.262535819532,
                "speedup_std": 299.1961714935425,
                "scan_ratio_mean": 0.00013333333333333337,
                "scan_ratio_std": 2.710505431213761e-20,
                "dist_ratio_mean": 0.00013333333333333334,
                "dist_ratio_std": 0.0,
                "build_time": 1.9110159769188613,
                "mean_exact_time_ms": 85.4282160080038,
                "query_time_ms_mean": 0.06343919783830643,
                "query_time_ms_std": 0.01736260950565338,
                "expected_misses_mean": null,
                "expected_misses_median": null
              },
              {
                "seed": 1,
                "recall_mean": 0.9285,
                "recall_std": 0.12082114881095941,
                "speedup_mean": 1307.1914523065116,
                "speedup_std": 238.90147460789365,
                "scan_ratio_mean": 0.00013333333333333337,
                "scan_ratio_std": 2.710505431213761e-20,
                "dist_ratio_mean": 0.00013333333333333334,
                "dist_ratio_std": 0.0,
                "build_time": 1.9517885949462652,
                "mean_exact_time_ms": 83.10291111725383,
                "query_time_ms_mean": 0.06576429307460785,
                "query_time_ms_std": 0.012602191418409348,
                "expected_misses_mean": null,
                "expected_misses_median": null
              },
              {
                "seed": 2,
                "recall_mean": 0.9368000000000002,
                "recall_std": 0.10500361898525212,
                "speedup_mean": 1606.04123395696,
                "speedup_std": 319.67426144155615,
                "scan_ratio_mean": 0.00013333333333333337,
                "scan_ratio_std": 2.710505431213761e-20,
                "dist_ratio_mean": 0.00013333333333333334,
                "dist_ratio_std": 0.0,
                "build_time": 1.9895998460706323,
                "mean_exact_time_ms": 104.11463496088982,
                "query_time_ms_mean": 0.06745967268943787,
                "query_time_ms_std": 0.013872209936380386,
                "expected_misses_mean": null,
                "expected_misses_median": null
              }
            ]
          },
          {
            "params": {
              "M": 16,
              "ef_construction": 200,
              "ef": 16
            },
            "aggregate": {
              "recall_mean": 0.9680333333333332,
              "recall_std": 0.001611072796479255,
              "speedup_mean": 1268.2147238524274,
              "speedup_std": 43.32594287340889,
              "query_time_ms_mean": 0.0852051575978597,
              "query_time_ms_std": 0.0026062621683119046,
              "scan_ratio_mean": 0.00026666666666666673,
              "scan_ratio_std": 0.0,
              "dist_ratio_mean": 0.0002666666666666667,
              "dist_ratio_std": 0.0,
              "build_time_mean": 1.9575995946458231,
              "build_time_std": 0.004960431343745648,
              "expected_misses_mean": null,
              "expected_misses_median": null,
              "n_seeds": 3
            },
            "seeds": [
              {
                "seed": 0,
                "recall_mean": 0.9667,
                "recall_std": 0.08100067900949966,
                "speedup_mean": 1309.0824288528268,
                "speedup_std": 241.22665431288348,
                "scan_ratio_mean": 0.00026666666666666673,
                "scan_ratio_std": 5.421010862427522e-20,
                "dist_ratio_mean": 0.0002666666666666667,
                "dist_ratio_std": 0.0,
                "build_time": 1.9562419690191746,
                "mean_exact_time_ms": 105.55663007008843,
                "query_time_ms_mean": 0.08326094597578049,
                "query_time_ms_std": 0.01491269189864397,
                "expected_misses_mean": null,
                "expected_misses_median": null
              },
              {
                "seed": 1,
                "recall_mean": 0.9671,
                "recall_std": 0.07737951925412823,
                "speedup_mean": 1208.2450773826477,
                "speedup_std": 225.6843334947155,
                "scan_ratio_mean": 0.00026666666666666673,
                "scan_ratio_std": 5.421010862427522e-20,
                "dist_ratio_mean": 0.0002666666666666667,
                "dist_ratio_std": 0.0,
                "build_time": 1.964238815009594,
                "mean_exact_time_ms": 103.54679379588924,
                "query_time_ms_mean": 0.08888907730579376,
                "query_time_ms_std": 0.01861443929374218,
                "expected_misses_mean": null,
                "expected_misses_median": null
              },
              {
                "seed": 2,
                "recall_mean": 0.9702999999999999,
                "recall_std": 0.07160942675374521,
                "speedup_mean": 1287.316665321808,
                "speedup_std": 225.855919631398,
                "scan_ratio_mean": 0.00026666666666666673,
                "scan_ratio_std": 5.421010862427522e-20,
                "dist_ratio_mean": 0.0002666666666666667,
                "dist_ratio_std": 0.0,
                "build_time": 1.9523179999087006,
                "mean_exact_time_ms": 104.19115300662816,
                "query_time_ms_mean": 0.08346544951200485,
                "query_time_ms_std": 0.015020317398011684,
                "expected_misses_mean": null,
                "expected_misses_median": null
              }
            ]
          },
          {
            "params": {
              "M": 16,
              "ef_construction": 200,
              "ef": 32
            },
            "aggregate": {
              "recall_mean": 0.9906666666666665,
              "recall_std": 0.0011728408057172705,
              "speedup_mean": 845.477325471397,
              "speedup_std": 44.626253112142784,
              "query_time_ms_mean": 0.1274783213933309,
              "query_time_ms_std": 0.006852641779851995,
              "scan_ratio_mean": 0.0005333333333333335,
              "scan_ratio_std": 0.0,
              "dist_ratio_mean": 0.0005333333333333334,
              "dist_ratio_std": 0.0,
              "build_time_mean": 1.938554266622911,
              "build_time_std": 0.053611628743942534,
              "expected_misses_mean": null,
              "expected_misses_median": null,
              "n_seeds": 3
            },
            "seeds": [
              {
                "seed": 0,
                "recall_mean": 0.9896,
                "recall_std": 0.05789507751095943,