{
  "meta": {
    "n_queries": 1000,
    "seeds": [
      0,
      1,
      2
    ],
    "k_values": [
      10
    ],
    "datasets": [
      "glove"
    ],
    "methods": [
      "hnsw"
    ]
  },
  "results": {
    "glove": {
      "hnsw": {
        "10": [
          {
            "params": {
              "M": 16,
              "ef_construction": 200,
              "ef": 500
            },
            "aggregate": {
              "recall_mean": 0.9477333333333334,
              "recall_std": 0.0021822516404444076,
              "speedup_mean": 136.49391482338612,
              "speedup_std": 8.667278552290998,
              "query_time_ms_mean": 2.054738759994507,
              "query_time_ms_std": 0.10622534798305991,
              "scan_ratio_mean": 0.0013888888888888883,
              "scan_ratio_std": 0.0,
              "dist_ratio_mean": 0.001388888888888889,
              "dist_ratio_std": 0.0,
              "build_time_mean": 24.366198177294184,
              "build_time_std": 1.189457281577889,
              "expected_misses_mean": null,
              "expected_misses_median": null,
              "n_seeds": 3
            },
            "seeds": [
              {
                "seed": 0,
                "recall_mean": 0.9459000000000001,
                "recall_std": 0.09655666729957077,
                "speedup_mean": 148.61284872004126,
                "speedup_std": 52.85050499080424,
                "scan_ratio_mean": 0.0013888888888888883,
                "scan_ratio_std": 6.505213034913027e-19,
                "dist_ratio_mean": 0.001388888888888889,
                "dist_ratio_std": 0.0,
                "build_time": 22.822474151849747,
                "mean_exact_time_ms": 265.8673671106808,
                "query_time_ms_mean": 1.9046285152435303,
                "query_time_ms_std": 0.35200175642967224,
                "expected_misses_mean": null,
                "expected_misses_median": null
              },
              {
                "seed": 1,
                "recall_mean": 0.9465,
                "recall_std": 0.10063672291961816,
                "speedup_mean": 132.0254089559411,
                "speedup_std": 44.54260853641183,
                "scan_ratio_mean": 0.0013888888888888883,
                "scan_ratio_std": 6.505213034913027e-19,
                "dist_ratio_mean": 0.001388888888888889,
                "dist_ratio_std": 0.0,
                "build_time": 24.559354706201702,
                "mean_exact_time_ms": 264.7068267716095,
                "query_time_ms_mean": 2.1247024536132812,
                "query_time_ms_std": 0.3828889727592468,
                "expected_misses_mean": null,
                "expected_misses_median": null
              },
              {
                "seed": 2,
                "recall_mean": 0.9508000000000001,
                "recall_std": 0.0901074913644809,
                "speedup_mean": 128.84348679417604,
                "speedup_std": 41.18029154631587,
                "scan_ratio_mean": 0.0013888888888888883,
                "scan_ratio_std": 6.505213034913027e-19,
                "dist_ratio_mean": 0.001388888888888889,
                "dist_ratio_std": 0.0,
                "build_time": 25.716765673831105,
                "mean_exact_time_ms": 259.9883052762598,
                "query_time_ms_mean": 2.134885311126709,
                "query_time_ms_std": 0.3920767605304718,
                "expected_misses_mean": null,
                "expected_misses_median": null
              }
            ]
          },
          {
            "params": {
              "M": 16,
              "ef_construction": 200,
              "ef": 600
            },
            "aggregate": {
              "recall_mean": 0.9545666666666667,
              "recall_std": 0.0014613540144521758,
              "speedup_mean": 122.06648346221311,
              "speedup_std": 6.391973000942352,
              "query_time_ms_mean": 2.240698258082072,
              "query_time_ms_std": 0.06434361406190851,
              "scan_ratio_mean": 0.0016666666666666668,
              "scan_ratio_std": 0.0,
              "dist_ratio_mean": 0.0016666666666666668,
              "dist_ratio_std": 0.0,
              "build_time_mean": 22.727559553924948,
              "build_time_std": 0.1310165764691781,
              "expected_misses_mean": null,
              "expected_misses_median": null,
              "n_seeds": 3
            },
            "seeds": [
              {
                "seed": 0,
                "recall_mean": 0.9526000000000001,
                "recall_std": 0.09007352552220878,
                "speedup_mean": 123.73290612466124,
                "speedup_std": 45.397086530920724,
                "scan_ratio_mean": 0.0016666666666666668,
                "scan_ratio_std": 0.0,
                "dist_ratio_mean": 0.0016666666666666668,
                "dist_ratio_std": 0.0,
                "build_time": 22.738870625849813,
                "mean_exact_time_ms": 260.1463234066032,
                "query_time_ms_mean": 2.244426727294922,
                "query_time_ms_std": 0.41797295212745667,
                "expected_misses_mean": null,
                "expected_misses_median": null
              },
              {
                "seed": 1,
                "recall_mean": 0.9550000000000001,
                "recall_std": 0.08941476388158724,
                "speedup_mean": 128.92763727047415,
                "speedup_std": 44.72572259180706,
                "scan_ratio_mean": 0.0016666666666666668,
                "scan_ratio_std": 0.0,
                "dist_ratio_mean": 0.0016666666666666668,
                "dist_ratio_std": 0.0,
                "build_time": 22.88206662191078,
                "mean_exact_time_ms": 262.4381457506679,
                "query_time_ms_mean": 2.160095691680908,
                "query_time_ms_std": 0.3884848952293396,
                "expected_misses_mean": null,
                "expected_misses_median": null
              },
              {
                "seed": 2,
                "recall_mean": 0.9561000000000001,
                "recall_std": 0.08404040694808658,
                "speedup_mean": 113.53890699150396,
                "speedup_std": 37.01177769338152,
                "scan_ratio_mean": 0.0016666666666666668,
                "scan_ratio_std": 0.0,
                "dist_ratio_mean": 0.0016666666666666668,
                "dist_ratio_std": 0.0,
                "build_time": 22.56174141401425,
                "mean_exact_time_ms": 248.75547348475084,
                "query_time_ms_mean": 2.3175723552703857,
                "query_time_ms_std": 0.4140971899032593,
                "expected_misses_mean": null,
                "expected_misses_median": null
              }
            ]
          },
          {
            "params": {
              "M": 16,
              "ef_construction": 200,
              "ef": 700
            },
            "aggregate": {
              "recall_mean": 0.9590333333333335,
              "recall_std": 0.0017987650084309219,
              "speedup_mean": 105.19029742661913,
              "speedup_std": 6.327292194953082,
              "query_time_ms_mean": 2.506690343221029,
              "query_time_ms_std": 0.14811427385590403,
              "scan_ratio_mean": 0.001944444444444444,
              "scan_ratio_std": 0.0,
              "dist_ratio_mean": 0.0019444444444444442,
              "dist_ratio_std": 2.168404344971009e-19,
              "build_time_mean": 21.591548120447744,
              "build_time_std": 0.7752477764797433,
              "expected_misses_mean": null,
              "expected_misses_median": null,
              "n_seeds": 3
            },
            "seeds": [
              {
                "seed": 0,
                "recall_mean": 0.9569000000000001,
                "recall_std": 0.08289987937265048,
                "speedup_mean": 113.4405071884979,