{
  "meta": {
    "n_queries": 1000,
    "seeds": [
      0,
      1,
      2
    ],
    "k_values": [
      10
    ],
    "datasets": [
      "fashion_mnist"
    ],
    "methods": [
      "annoy"
    ]
  },
  "results": {
    "fashion_mnist": {
      "annoy": {
        "10": [
          {
            "params": {
              "n_trees": 50,
              "search_k": 1000
            },
            "aggregate": {
              "recall_mean": 0.9386000000000001,
              "recall_std": 0.0039293765408776726,
              "speedup_mean": 242.70543248774143,
              "speedup_std": 12.747311258730049,
              "query_time_ms_mean": 0.45965309937795,
              "query_time_ms_std": 0.01495086768748389,
              "scan_ratio_mean": 0.016666666666666663,
              "scan_ratio_std": 0.0,
              "dist_ratio_mean": 0.016666666666666666,
              "dist_ratio_std": 0.0,
              "build_time_mean": 3.0143955275416374,
              "build_time_std": 0.02336522236827989,
              "expected_misses_mean": null,
              "expected_misses_median": null,
              "n_seeds": 3
            },
            "seeds": [
              {
                "seed": 0,
                "recall_mean": 0.9336000000000001,
                "recall_std": 0.1295030501571295,
                "speedup_mean": 243.14019569811953,
                "speedup_std": 23.22327341904411,
                "scan_ratio_mean": 0.016666666666666663,
                "scan_ratio_std": 3.469446951953614e-18,
                "dist_ratio_mean": 0.016666666666666666,
                "dist_ratio_std": 0.0,
                "build_time": 3.0473934612236917,
                "mean_exact_time_ms": 115.65418217610568,
                "query_time_ms_mean": 0.4800686836242676,
                "query_time_ms_std": 0.04685739055275917,
                "expected_misses_mean": null,
                "expected_misses_median": null
              },
              {
                "seed": 1,
                "recall_mean": 0.939,
                "recall_std": 0.12156891049935424,
                "speedup_mean": 226.88038763004744,
                "speedup_std": 23.376221459502304,
                "scan_ratio_mean": 0.016666666666666663,
                "scan_ratio_std": 3.469446951953614e-18,
                "dist_ratio_mean": 0.016666666666666666,
                "dist_ratio_std": 0.0,
                "build_time": 2.9993974617682397,
                "mean_exact_time_ms": 101.81411976693198,
                "query_time_ms_mean": 0.4542092978954315,
                "query_time_ms_std": 0.05624140053987503,
                "expected_misses_mean": null,
                "expected_misses_median": null
              },
              {
                "seed": 2,
                "recall_mean": 0.9432,
                "recall_std": 0.1129325462388943,
                "speedup_mean": 258.09571413505745,
                "speedup_std": 23.36126060847223,
                "scan_ratio_mean": 0.016666666666666663,
                "scan_ratio_std": 3.469446951953614e-18,
                "dist_ratio_mean": 0.016666666666666666,
                "dist_ratio_std": 0.0,
                "build_time": 2.996395659632981,
                "mean_exact_time_ms": 113.81747861113399,
                "query_time_ms_mean": 0.444681316614151,
                "query_time_ms_std": 0.041287265717983246,
                "expected_misses_mean": null,
                "expected_misses_median": null
              }
            ]
          },
          {
            "params": {
              "n_trees": 50,
              "search_k": 2000
            },
            "aggregate": {
              "recall_mean": 0.9667666666666667,
              "recall_std": 0.0035975300168618984,
              "speedup_mean": 184.42708151705824,
              "speedup_std": 10.490866236712181,
              "query_time_ms_mean": 0.5664529601732889,
              "query_time_ms_std": 0.011717980532552621,
              "scan_ratio_mean": 0.033333333333333326,
              "scan_ratio_std": 0.0,
              "dist_ratio_mean": 0.03333333333333333,
              "dist_ratio_std": 0.0,
              "build_time_mean": 3.025211536946396,
              "build_time_std": 0.05084501699045237,
              "expected_misses_mean": null,
              "expected_misses_median": null,
              "n_seeds": 3
            },
            "seeds": [
              {
                "seed": 0,
                "recall_mean": 0.9617,
                "recall_std": 0.0949900521107342,
                "speedup_mean": 175.98617141398614,
                "speedup_std": 20.021972858203576,
                "scan_ratio_mean": 0.033333333333333326,
                "scan_ratio_std": 6.938893903907228e-18,
                "dist_ratio_mean": 0.03333333333333333,
                "dist_ratio_std": 0.0,
                "build_time": 3.019269790034741,
                "mean_exact_time_ms": 101.08135172957554,
                "query_time_ms_mean": 0.5821661949157715,
                "query_time_ms_std": 0.07028179615736008,
                "expected_misses_mean": null,
                "expected_misses_median": null
              },
              {
                "seed": 1,
                "recall_mean": 0.9689000000000001,
                "recall_std": 0.08569008110627507,
                "speedup_mean": 178.0810476025861,
                "speedup_std": 19.75890260909134,
                "scan_ratio_mean": 0.033333333333333326,
                "scan_ratio_std": 6.938893903907228e-18,
                "dist_ratio_mean": 0.03333333333333333,
                "dist_ratio_std": 0.0,
                "build_time": 3.0902416189201176,
                "mean_exact_time_ms": 98.99312348337844,
                "query_time_ms_mean": 0.5631556510925293,
                "query_time_ms_std": 0.06955497711896896,
                "expected_misses_mean": null,
                "expected_misses_median": null
              },
              {
                "seed": 2,
                "recall_mean": 0.9697,
                "recall_std": 0.08032378228146381,
                "speedup_mean": 199.21402553460248,
                "speedup_std": 20.75718109541279,
                "scan_ratio_mean": 0.033333333333333326,
                "scan_ratio_std": 6.938893903907228e-18,
                "dist_ratio_mean": 0.03333333333333333,
                "dist_ratio_std": 0.0,
                "build_time": 2.9661232018843293,
                "mean_exact_time_ms": 109.17189905652776,
                "query_time_ms_mean": 0.5540370345115662,
                "query_time_ms_std": 0.058449212461709976,
                "expected_misses_mean": null,
                "expected_misses_median": null
              }
            ]
          },
          {
            "params": {
              "n_trees": 50,
              "search_k": 5000
            },
            "aggregate": {
              "recall_mean": 0.9875666666666666,
              "recall_std": 0.0013224556283251748,
              "speedup_mean": 130.93000589171632,
              "speedup_std": 5.3046892494332925,
              "query_time_ms_mean": 0.7798814376195272,
              "query_time_ms_std": 0.010914536362695569,
              "scan_ratio_mean": 0.08333333333333331,
              "scan_ratio_std": 0.0,
              "dist_ratio_mean": 0.08333333333333333,
              "dist_ratio_std": 0.0,
              "build_time_mean": 2.9139614544498422,
              "build_time_std": 0.031602132818936285,
              "expected_misses_mean": null,
              "expected_misses_median": null,
              "n_seeds": 3
            },
            "seeds": [
              {
                "seed": 0,
                "recall_mean": 0.9857,
                "recall_std": 0.05427255291581556,
                "speedup_mean": 124.99110955858475,
                "speedup_std": 16.61456240934467,
                "scan_ratio_mean": 0.08333333333333331,