{
  "meta": {
    "n_queries": 1000,
    "seeds": [
      0,
      1,
      2
    ],
    "k_values": [
      10
    ],
    "datasets": [
      "synthetic_uniform"
    ],
    "methods": [
      "hnsw"
    ]
  },
  "results": {
    "synthetic_uniform": {
      "hnsw": {
        "10": [
          {
            "params": {
              "M": 16,
              "ef_construction": 200,
              "ef": 2000
            },
            "aggregate": {
              "recall_mean": 0.9815666666666667,
              "recall_std": 0.001111555466702184,
              "speedup_mean": 8.735520457928592,
              "speedup_std": 1.3754795429391542,
              "query_time_ms_mean": 4.201972484588623,
              "query_time_ms_std": 0.5685922574280736,
              "scan_ratio_mean": 0.022222222222222213,
              "scan_ratio_std": 0.0,
              "dist_ratio_mean": 0.022222222222222223,
              "dist_ratio_std": 0.0,
              "build_time_mean": 7.180548299724857,
              "build_time_std": 2.5374185170110324,
              "expected_misses_mean": null,
              "expected_misses_median": null,
              "n_seeds": 3
            },
            "seeds": [
              {
                "seed": 0,
                "recall_mean": 0.9831,
                "recall_std": 0.03955237034616256,
                "speedup_mean": 7.333106331947586,
                "speedup_std": 0.5368614785138974,
                "scan_ratio_mean": 0.022222222222222213,
                "scan_ratio_std": 1.0408340855860843e-17,
                "dist_ratio_mean": 0.022222222222222223,
                "dist_ratio_std": 0.0,
                "build_time": 9.64832713920623,
                "mean_exact_time_ms": 35.35846144799143,
                "query_time_ms_mean": 4.849393844604492,
                "query_time_ms_std": 0.3826807737350464,
                "expected_misses_mean": null,
                "expected_misses_median": null
              },
              {
                "seed": 1,
                "recall_mean": 0.9811,
                "recall_std": 0.04396350759436739,
                "speedup_mean": 10.604135728875015,
                "speedup_std": 0.4353674239012141,
                "scan_ratio_mean": 0.022222222222222213,
                "scan_ratio_std": 1.0408340855860843e-17,
                "dist_ratio_mean": 0.022222222222222223,
                "dist_ratio_std": 0.0,
                "build_time": 3.690491821616888,
                "mean_exact_time_ms": 36.68551801331341,
                "query_time_ms_mean": 3.4652485847473145,
                "query_time_ms_std": 0.13893942534923553,
                "expected_misses_mean": null,
                "expected_misses_median": null
              },
              {
                "seed": 2,
                "recall_mean": 0.9805,
                "recall_std": 0.043471254870316306,
                "speedup_mean": 8.269319312963171,
                "speedup_std": 0.31372665574663705,
                "scan_ratio_mean": 0.022222222222222213,
                "scan_ratio_std": 1.0408340855860843e-17,
                "dist_ratio_mean": 0.022222222222222223,
                "dist_ratio_std": 0.0,
                "build_time": 8.202825938351452,
                "mean_exact_time_ms": 35.41731824167073,
                "query_time_ms_mean": 4.2912750244140625,
                "query_time_ms_std": 0.22973090410232544,
                "expected_misses_mean": null,
                "expected_misses_median": null
              }
            ]
          },
          {
            "params": {
              "M": 16,
              "ef_construction": 200,
              "ef": 2500
            },
            "aggregate": {
              "recall_mean": 0.9875666666666668,
              "recall_std": 0.0009672412085697639,
              "speedup_mean": 7.763710040858222,
              "speedup_std": 0.6311890772327623,
              "query_time_ms_mean": 4.510304609934489,
              "query_time_ms_std": 0.42412278570736134,
              "scan_ratio_mean": 0.027777777777777787,
              "scan_ratio_std": 0.0,
              "dist_ratio_mean": 0.027777777777777776,
              "dist_ratio_std": 0.0,
              "build_time_mean": 5.257198136920731,
              "build_time_std": 2.1115552677273945,
              "expected_misses_mean": null,
              "expected_misses_median": null,
              "n_seeds": 3
            },
            "seeds": [
              {
                "seed": 0,
                "recall_mean": 0.9883,
                "recall_std": 0.033957473404244896,
                "speedup_mean": 8.308590345441258,
                "speedup_std": 0.20910217630416456,
                "scan_ratio_mean": 0.027777777777777787,
                "scan_ratio_std": 1.0408340855860843e-17,
                "dist_ratio_mean": 0.027777777777777776,
                "dist_ratio_std": 0.0,
                "build_time": 3.7230550926178694,
                "mean_exact_time_ms": 34.80802719760686,
                "query_time_ms_mean": 4.192009925842285,
                "query_time_ms_std": 0.10365282744169235,
                "expected_misses_mean": null,
                "expected_misses_median": null
              },
              {
                "seed": 1,
                "recall_mean": 0.9882000000000001,
                "recall_std": 0.03436218852168761,
                "speedup_mean": 6.87895578037954,
                "speedup_std": 0.21558160816765556,
                "scan_ratio_mean": 0.027777777777777787,
                "scan_ratio_std": 1.0408340855860843e-17,
                "dist_ratio_mean": 0.027777777777777776,
                "dist_ratio_std": 0.0,
                "build_time": 8.243008560501039,
                "mean_exact_time_ms": 35.103997552767396,
                "query_time_ms_mean": 5.109720706939697,
                "query_time_ms_std": 0.21876490116119385,
                "expected_misses_mean": null,
                "expected_misses_median": null
              },
              {
                "seed": 2,
                "recall_mean": 0.9862000000000001,
                "recall_std": 0.03754410739383744,
                "speedup_mean": 8.10358399675387,
                "speedup_std": 0.19853684068127433,
                "scan_ratio_mean": 0.027777777777777787,
                "scan_ratio_std": 1.0408340855860843e-17,
                "dist_ratio_mean": 0.027777777777777776,
                "dist_ratio_std": 0.0,
                "build_time": 3.8055307576432824,
                "mean_exact_time_ms": 34.25123580824584,
                "query_time_ms_mean": 4.229183197021484,
                "query_time_ms_std": 0.10232985764741898,
                "expected_misses_mean": null,
                "expected_misses_median": null
              }
            ]
          },
          {
            "params": {
              "M": 16,
              "ef_construction": 200,
              "ef": 3000
            },
            "aggregate": {
              "recall_mean": 0.9912666666666666,
              "recall_std": 0.0010370899457403124,
              "speedup_mean": 6.445370545774341,
              "speedup_std": 0.6262190434080416,
              "query_time_ms_mean": 5.44540278116862,
              "query_time_ms_std": 0.5740426733316686,
              "scan_ratio_mean": 0.033333333333333326,
              "scan_ratio_std": 0.0,
              "dist_ratio_mean": 0.03333333333333333,
              "dist_ratio_std": 0.0,
              "build_time_mean": 5.393399957257013,
              "build_time_std": 2.2947151548439546,
              "expected_misses_mean": null,
              "expected_misses_median": null,
              "n_seeds": 3
            },
            "seeds": [
              {
                "seed": 0,
                "recall_mean": 0.992,
                "recall_std": 0.028213471959331767,
                "speedup_mean": 5.8636098046519844,