{
  "meta": {
    "n_queries": 1000,
    "seeds": [
      0,
      1,
      2
    ],
    "k_values": [
      10
    ],
    "datasets": [
      "synthetic_uniform"
    ],
    "methods": [
      "annoy"
    ]
  },
  "results": {
    "synthetic_uniform": {
      "annoy": {
        "10": [
          {
            "params": {
              "n_trees": 50,
              "search_k": 50000
            },
            "aggregate": {
              "recall_mean": 0.9083000000000001,
              "recall_std": 0.0024913182588072705,
              "speedup_mean": 1.1107590543985377,
              "speedup_std": 0.013717530949839858,
              "query_time_ms_mean": 30.318350474039715,
              "query_time_ms_std": 0.10925468395169723,
              "scan_ratio_mean": 0.4191992222222223,
              "scan_ratio_std": 2.795073855922363e-05,
              "dist_ratio_mean": 0.4191992222222222,
              "dist_ratio_std": 2.795073855926806e-05,
              "build_time_mean": 10.563370046205819,
              "build_time_std": 0.2515117461224912,
              "expected_misses_mean": null,
              "expected_misses_median": null,
              "n_seeds": 3
            },
            "seeds": [
              {
                "seed": 0,
                "recall_mean": 0.9104000000000001,
                "recall_std": 0.08872339037705895,
                "speedup_mean": 1.1278538595380876,
                "speedup_std": 0.022194308471482467,
                "scan_ratio_mean": 0.4191617555555556,
                "scan_ratio_std": 0.0016771031990449818,
                "dist_ratio_mean": 0.4191617555555555,
                "dist_ratio_std": 0.0016771031990449822,
                "build_time": 10.311975993216038,
                "mean_exact_time_ms": 34.01771836262196,
                "query_time_ms_mean": 30.176105499267578,
                "query_time_ms_std": 0.7533137202262878,
                "expected_misses_mean": null,
                "expected_misses_median": null
              },
              {
                "seed": 1,
                "recall_mean": 0.9048000000000002,
                "recall_std": 0.09379211054241182,
                "speedup_mean": 1.1101540514013308,
                "speedup_std": 0.020534643086211633,
                "scan_ratio_mean": 0.41922886666666664,
                "scan_ratio_std": 0.0016776751402012794,
                "dist_ratio_mean": 0.41922886666666664,
                "dist_ratio_std": 0.0016776751402012798,
                "build_time": 10.906984511762857,
                "mean_exact_time_ms": 33.78139900416136,
                "query_time_ms_mean": 30.44171905517578,
                "query_time_ms_std": 0.6684184074401855,
                "expected_misses_mean": null,
                "expected_misses_median": null
              },
              {
                "seed": 2,
                "recall_mean": 0.9097000000000001,
                "recall_std": 0.09019927937627883,
                "speedup_mean": 1.0942692522561943,
                "speedup_std": 0.020129338667632574,
                "scan_ratio_mean": 0.41920704444444445,
                "scan_ratio_std": 0.0017197926247367052,
                "dist_ratio_mean": 0.4192070444444444,
                "dist_ratio_std": 0.0017197926247367052,
                "build_time": 10.47114963363856,
                "mean_exact_time_ms": 33.18359971512109,
                "query_time_ms_mean": 30.33722686767578,
                "query_time_ms_std": 0.6769254803657532,
                "expected_misses_mean": null,
                "expected_misses_median": null
              }
            ]
          },
          {
            "params": {
              "n_trees": 50,
              "search_k": 75000
            },
            "aggregate": {
              "recall_mean": 0.9643,
              "recall_std": 0.0021648710508172116,
              "speedup_mean": 0.6594682572842167,
              "speedup_std": 0.07041154866343788,
              "query_time_ms_mean": 43.9421017964681,
              "query_time_ms_std": 0.18995966600689385,
              "scan_ratio_mean": 0.547529437037037,
              "scan_ratio_std": 8.069768525828708e-05,
              "dist_ratio_mean": 0.547529437037037,
              "dist_ratio_std": 8.069768525824291e-05,
              "build_time_mean": 10.348195265978575,
              "build_time_std": 0.22152146470332557,
              "expected_misses_mean": null,
              "expected_misses_median": null,
              "n_seeds": 3
            },
            "seeds": [
              {
                "seed": 0,
                "recall_mean": 0.9617000000000001,
                "recall_std": 0.061506991472514726,
                "speedup_mean": 0.7588036790397155,
                "speedup_std": 0.012590606060152412,
                "scan_ratio_mean": 0.5476306111111112,
                "scan_ratio_std": 0.0018368349380132574,
                "dist_ratio_mean": 0.5476306111111111,
                "dist_ratio_std": 0.0018368349380132587,
                "build_time": 10.418067131191492,
                "mean_exact_time_ms": 33.30501098558307,
                "query_time_ms_mean": 43.905914306640625,
                "query_time_ms_std": 0.8797022700309753,
                "expected_misses_mean": null,
                "expected_misses_median": null
              },
              {
                "seed": 1,
                "recall_mean": 0.9642000000000001,
                "recall_std": 0.058977622875121025,
                "speedup_mean": 0.603797649916572,
                "speedup_std": 0.00931252270868517,
                "scan_ratio_mean": 0.5475245777777779,
                "scan_ratio_std": 0.0019141765162358048,
                "dist_ratio_mean": 0.5475245777777777,
                "dist_ratio_std": 0.0019141765162358048,
                "build_time": 10.048786119557917,
                "mean_exact_time_ms": 26.396523234434426,
                "query_time_ms_mean": 43.72966384887695,
                "query_time_ms_std": 0.7962424755096436,
                "expected_misses_mean": null,
                "expected_misses_median": null
              },
              {
                "seed": 2,
                "recall_mean": 0.967,
                "recall_std": 0.05666568626602875,
                "speedup_mean": 0.6158034428963624,
                "speedup_std": 0.012654684785790321,
                "scan_ratio_mean": 0.5474331222222222,
                "scan_ratio_std": 0.0019070862863489546,
                "dist_ratio_mean": 0.5474331222222222,
                "dist_ratio_std": 0.0019070862863489546,
                "build_time": 10.577732547186315,
                "mean_exact_time_ms": 27.200135849416256,
                "query_time_ms_mean": 44.19072723388672,
                "query_time_ms_std": 1.0080950260162354,
                "expected_misses_mean": null,
                "expected_misses_median": null
              }
            ]
          },
          {
            "params": {
              "n_trees": 50,
              "search_k": 100000
            },
            "aggregate": {
              "recall_mean": 0.9831333333333334,
              "recall_std": 0.0005557777333510921,
              "speedup_mean": 0.5921805061094799,
              "speedup_std": 0.06740823433029658,
              "query_time_ms_mean": 52.72770309448242,
              "query_time_ms_std": 0.41192021142686835,
              "scan_ratio_mean": 0.6459467999999999,
              "scan_ratio_std": 2.8116531463898528e-05,
              "dist_ratio_mean": 0.6459468,
              "dist_ratio_std": 2.81165314639325e-05,
              "build_time_mean": 10.909988466960689,
              "build_time_std": 0.9796688829316856,
              "expected_misses_mean": null,
              "expected_misses_median": null,
              "n_seeds": 3
            },
            "seeds": [
              {
                "seed": 0,