{
  "meta": {
    "n_queries": 1000,
    "seeds": [
      0,
      1,
      2
    ],
    "k_values": [
      10
    ],
    "datasets": [
      "mnist"
    ],
    "methods": [
      "annoy"
    ]
  },
  "results": {
    "mnist": {
      "annoy": {
        "10": [
          {
            "params": {
              "n_trees": 50,
              "search_k": 2500
            },
            "aggregate": {
              "recall_mean": 0.9738666666666668,
              "recall_std": 0.0014839886193034457,
              "speedup_mean": 144.86450400236808,
              "speedup_std": 18.494667005829537,
              "query_time_ms_mean": 0.751434862613678,
              "query_time_ms_std": 0.11030235350918494,
              "scan_ratio_mean": 0.04166666666666666,
              "scan_ratio_std": 0.0,
              "dist_ratio_mean": 0.041666666666666664,
              "dist_ratio_std": 0.0,
              "build_time_mean": 3.5420646086956062,
              "build_time_std": 0.3785591468963212,
              "expected_misses_mean": null,
              "expected_misses_median": null,
              "n_seeds": 3
            },
            "seeds": [
              {
                "seed": 0,
                "recall_mean": 0.9759,
                "recall_std": 0.07687125600639032,
                "speedup_mean": 159.02358266840284,
                "speedup_std": 19.346904440378033,
                "scan_ratio_mean": 0.04166666666666666,
                "scan_ratio_std": 6.938893903907228e-18,
                "dist_ratio_mean": 0.041666666666666664,
                "dist_ratio_std": 0.0,
                "build_time": 3.012865524040535,
                "mean_exact_time_ms": 105.78035824140534,
                "query_time_ms_mean": 0.6757924556732178,
                "query_time_ms_std": 0.08999835699796677,
                "expected_misses_mean": null,
                "expected_misses_median": null
              },
              {
                "seed": 1,
                "recall_mean": 0.9724,
                "recall_std": 0.08887204284813083,
                "speedup_mean": 156.8301590758554,
                "speedup_std": 18.771032842713797,
                "scan_ratio_mean": 0.04166666666666666,
                "scan_ratio_std": 6.938893903907228e-18,
                "dist_ratio_mean": 0.041666666666666664,
                "dist_ratio_std": 0.0,
                "build_time": 3.876819608034566,
                "mean_exact_time_ms": 103.71633304748684,
                "query_time_ms_mean": 0.6711096167564392,
                "query_time_ms_std": 0.08421716839075089,
                "expected_misses_mean": null,
                "expected_misses_median": null
              },
              {
                "seed": 2,
                "recall_mean": 0.9733,
                "recall_std": 0.08388748416778274,
                "speedup_mean": 118.73977026284595,
                "speedup_std": 13.89252255299352,
                "scan_ratio_mean": 0.04166666666666666,
                "scan_ratio_std": 6.938893903907228e-18,
                "dist_ratio_mean": 0.041666666666666664,
                "dist_ratio_std": 0.0,
                "build_time": 3.736508694011718,
                "mean_exact_time_ms": 106.29218121920712,
                "query_time_ms_mean": 0.907402515411377,
                "query_time_ms_std": 0.10564947873353958,
                "expected_misses_mean": null,
                "expected_misses_median": null
              }
            ]
          },
          {
            "params": {
              "n_trees": 50,
              "search_k": 5000
            },
            "aggregate": {
              "recall_mean": 0.9894999999999999,
              "recall_std": 0.0008524474568363356,
              "speedup_mean": 107.33222477353866,
              "speedup_std": 2.5113286969411557,
              "query_time_ms_mean": 1.0082258582115173,
              "query_time_ms_std": 0.022351827928112206,
              "scan_ratio_mean": 0.08333333333333331,
              "scan_ratio_std": 0.0,
              "dist_ratio_mean": 0.08333333333333333,
              "dist_ratio_std": 0.0,
              "build_time_mean": 2.9889889086286225,
              "build_time_std": 0.013332258522500763,
              "expected_misses_mean": null,
              "expected_misses_median": null,
              "n_seeds": 3
            },
            "seeds": [
              {
                "seed": 0,
                "recall_mean": 0.9907,
                "recall_std": 0.04339942395931079,
                "speedup_mean": 103.78404393946472,
                "speedup_std": 16.36265861043653,
                "scan_ratio_mean": 0.08333333333333331,
                "scan_ratio_std": 1.3877787807814457e-17,
                "dist_ratio_mean": 0.08333333333333333,
                "dist_ratio_std": 0.0,
                "build_time": 3.0078273320104927,
                "mean_exact_time_ms": 105.27530679758638,
                "query_time_ms_mean": 1.0396997928619385,
                "query_time_ms_std": 0.1646691858768463,
                "expected_misses_mean": null,
                "expected_misses_median": null
              },
              {
                "seed": 1,
                "recall_mean": 0.9887999999999999,
                "recall_std": 0.049543516225637435,
                "speedup_mean": 108.97227298583014,
                "speedup_std": 16.907158279780262,
                "scan_ratio_mean": 0.08333333333333331,
                "scan_ratio_std": 1.3877787807814457e-17,
                "dist_ratio_mean": 0.08333333333333333,
                "dist_ratio_std": 0.0,
                "build_time": 2.98024721397087,
                "mean_exact_time_ms": 105.81744309212081,
                "query_time_ms_mean": 0.995028555393219,
                "query_time_ms_std": 0.1576503962278366,
                "expected_misses_mean": null,
                "expected_misses_median": null
              },
              {
                "seed": 2,
                "recall_mean": 0.989,
                "recall_std": 0.054580216195980746,
                "speedup_mean": 109.24035739532111,
                "speedup_std": 17.955829364248533,
                "scan_ratio_mean": 0.08333333333333331,
                "scan_ratio_std": 1.3877787807814457e-17,
                "dist_ratio_mean": 0.08333333333333333,
                "dist_ratio_std": 0.0,
                "build_time": 2.9788921799045056,
                "mean_exact_time_ms": 105.31865485711023,
                "query_time_ms_mean": 0.9899492263793945,
                "query_time_ms_std": 0.16030819714069366,
                "expected_misses_mean": null,
                "expected_misses_median": null
              }
            ]
          },
          {
            "params": {
              "n_trees": 50,
              "search_k": 7500
            },
            "aggregate": {
              "recall_mean": 0.9937333333333335,
              "recall_std": 0.0009977753031397462,
              "speedup_mean": 86.02440556253815,
              "speedup_std": 2.3226504950092406,
              "query_time_ms_mean": 1.2721041440963745,
              "query_time_ms_std": 0.01717593985774023,
              "scan_ratio_mean": 0.125,
              "scan_ratio_std": 0.0,
              "dist_ratio_mean": 0.125,
              "dist_ratio_std": 0.0,
              "build_time_mean": 3.007389870394642,
              "build_time_std": 0.01598922380760999,
              "expected_misses_mean": null,
              "expected_misses_median": null,
              "n_seeds": 3
            },
            "seeds": [
              {
                "seed": 0,
                "recall_mean": 0.9948,
                "recall_std": 0.03275606814011718,
                "speedup_mean": 85.26540821514547,
                "speedup_std": 15.650149536907746,
                "scan_ratio_mean": 0.125,
                "scan_ratio_std": 0.0,
                "dist_ratio_mean": 0.125,