{
  "meta": {
    "n_queries": 1000,
    "seeds": [
      0,
      1,
      2
    ],
    "k_values": [
      10
    ],
    "datasets": [
      "sift1m"
    ],
    "methods": [
      "hnsw"
    ]
  },
  "results": {
    "sift1m": {
      "hnsw": {
        "10": [
          {
            "params": {
              "M": 16,
              "ef_construction": 200,
              "ef": 50
            },
            "aggregate": {
              "recall_mean": 0.9449333333333335,
              "recall_std": 0.0025720722298480454,
              "speedup_mean": 2767.735801021487,
              "speedup_std": 30.754366516571306,
              "query_time_ms_mean": 0.11580085257689159,
              "query_time_ms_std": 0.0015822054979467031,
              "scan_ratio_mean": 5.0000000000000016e-05,
              "scan_ratio_std": 0.0,
              "dist_ratio_mean": 5e-05,
              "dist_ratio_std": 0.0,
              "build_time_mean": 26.64228241968279,
              "build_time_std": 0.69326678831457,
              "expected_misses_mean": null,
              "expected_misses_median": null,
              "n_seeds": 3
            },
            "seeds": [
              {
                "seed": 0,
                "recall_mean": 0.9418000000000001,
                "recall_std": 0.10086010113022889,
                "speedup_mean": 2736.1829787476136,
                "speedup_std": 509.9547135184396,
                "scan_ratio_mean": 5.0000000000000016e-05,
                "scan_ratio_std": 1.3552527156068805e-20,
                "dist_ratio_mean": 5e-05,
                "dist_ratio_std": 0.0,
                "build_time": 26.292226755060256,
                "mean_exact_time_ms": 312.98710728413425,
                "query_time_ms_mean": 0.11778348684310913,
                "query_time_ms_std": 0.019207585602998734,
                "expected_misses_mean": null,
                "expected_misses_median": null
              },
              {
                "seed": 1,
                "recall_mean": 0.9481,
                "recall_std": 0.09410839494965366,
                "speedup_mean": 2757.5880700382236,
                "speedup_std": 547.8223328360691,
                "scan_ratio_mean": 5.0000000000000016e-05,
                "scan_ratio_std": 1.3552527156068805e-20,
                "dist_ratio_mean": 5e-05,
                "dist_ratio_std": 0.0,
                "build_time": 27.61042060586624,
                "mean_exact_time_ms": 308.6676405321341,
                "query_time_ms_mean": 0.11570782959461212,
                "query_time_ms_std": 0.0199168361723423,
                "expected_misses_mean": null,
                "expected_misses_median": null
              },
              {
                "seed": 2,
                "recall_mean": 0.9449000000000001,
                "recall_std": 0.10399033608946553,
                "speedup_mean": 2809.436354278626,
                "speedup_std": 525.3925023147833,
                "scan_ratio_mean": 5.0000000000000016e-05,
                "scan_ratio_std": 1.3552527156068805e-20,
                "dist_ratio_mean": 5e-05,
                "dist_ratio_std": 0.0,
                "build_time": 26.02419989812188,
                "mean_exact_time_ms": 310.19940726156346,
                "query_time_ms_mean": 0.11391124129295349,
                "query_time_ms_std": 0.02074897103011608,
                "expected_misses_mean": null,
                "expected_misses_median": null
              }
            ]
          },
          {
            "params": {
              "M": 16,
              "ef_construction": 200,
              "ef": 100
            },
            "aggregate": {
              "recall_mean": 0.9814333333333334,
              "recall_std": 0.0008806563209082005,
              "speedup_mean": 1575.6725821070595,
              "speedup_std": 50.71525569802817,
              "query_time_ms_mean": 0.20355365673700967,
              "query_time_ms_std": 0.0058863967479771484,
              "scan_ratio_mean": 0.00010000000000000003,
              "scan_ratio_std": 0.0,
              "dist_ratio_mean": 0.0001,
              "dist_ratio_std": 0.0,
              "build_time_mean": 27.14425454195589,
              "build_time_std": 0.5936358287013076,
              "expected_misses_mean": null,
              "expected_misses_median": null,
              "n_seeds": 3
            },
            "seeds": [
              {
                "seed": 0,
                "recall_mean": 0.9819000000000001,
                "recall_std": 0.05497626760703204,
                "speedup_mean": 1547.2077295449496,
                "speedup_std": 325.7356031531152,
                "scan_ratio_mean": 0.00010000000000000003,
                "scan_ratio_std": 2.710505431213761e-20,
                "dist_ratio_mean": 0.0001,
                "dist_ratio_std": 0.0,
                "build_time": 27.52884121797979,
                "mean_exact_time_ms": 308.7667721535545,
                "query_time_ms_mean": 0.20679469406604767,
                "query_time_ms_std": 0.035827238112688065,
                "expected_misses_mean": null,
                "expected_misses_median": null
              },
              {
                "seed": 1,
                "recall_mean": 0.9822000000000001,
                "recall_std": 0.05160581362598597,
                "speedup_mean": 1646.9170235010497,
                "speedup_std": 337.7821954734013,
                "scan_ratio_mean": 0.00010000000000000003,
                "scan_ratio_std": 2.710505431213761e-20,
                "dist_ratio_mean": 0.0001,
                "dist_ratio_std": 0.0,
                "build_time": 26.305683351820335,
                "mean_exact_time_ms": 310.60097402799875,
                "query_time_ms_mean": 0.1952926367521286,
                "query_time_ms_std": 0.03397360444068909,
                "expected_misses_mean": null,
                "expected_misses_median": null
              },
              {
                "seed": 2,
                "recall_mean": 0.9802000000000001,
                "recall_std": 0.05429511948600904,
                "speedup_mean": 1532.8929932751787,
                "speedup_std": 318.688597656814,
                "scan_ratio_mean": 0.00010000000000000003,
                "scan_ratio_std": 2.710505431213761e-20,
                "dist_ratio_mean": 0.0001,
                "dist_ratio_std": 0.0,
                "build_time": 27.59823905606754,
                "mean_exact_time_ms": 309.2216723631136,
                "query_time_ms_mean": 0.20857363939285278,
                "query_time_ms_std": 0.034292835742235184,
                "expected_misses_mean": null,
                "expected_misses_median": null
              }
            ]
          },
          {
            "params": {
              "M": 16,
              "ef_construction": 200,
              "ef": 150
            },
            "aggregate": {
              "recall_mean": 0.9909666666666667,
              "recall_std": 0.0007760297817881929,
              "speedup_mean": 1134.2445146956227,
              "speedup_std": 44.195820348570805,
              "query_time_ms_mean": 0.28488988677660626,
              "query_time_ms_std": 0.00879292607497667,
              "scan_ratio_mean": 0.00015,
              "scan_ratio_std": 0.0,
              "dist_ratio_mean": 0.00015,
              "dist_ratio_std": 0.0,
              "build_time_mean": 26.870601669031505,
              "build_time_std": 0.6053874693633369,
              "expected_misses_mean": null,
              "expected_misses_median": null,
              "n_seeds": 3
            },
            "seeds": [
              {
                "seed": 0,
                "recall_mean": 0.9919,
                "recall_std": 0.03470432249734894,
                "speedup_mean": 1138.8520373751894,
                "speedup_std": 244.8612144037263,
                "scan_ratio_mean": 0.00015,
                "scan_ratio_std": 0.0,