{
  "mnist": {
    "des_knn": {
      "10": {
        "default": [
          {
            "seed": 42,
            "recall_mean": 0.9949999999999999,
            "recall_std": 0.021794494717703363,
            "speedup_mean": 0.3389446720072108,
            "speedup_std": 0.003968611112131356,
            "scan_ratio": 0.9911733333333336,
            "dist_ratio": 0.9911733333333334,
            "build_time": 1.0952353477478027e-06
          },
          {
            "seed": 123,
            "recall_mean": 0.9799999999999999,
            "recall_std": 0.050990195135927834,
            "speedup_mean": 0.34182752845545117,
            "speedup_std": 0.005054101688583344,
            "scan_ratio": 0.9902933333333334,
            "dist_ratio": 0.9902933333333334,
            "build_time": 7.48317688703537e-07
          }
        ]
      }
    }
  }
}