{
  "mnist": {
    "des_knn_pca": {
      "1": {
        "default": [
          {
            "seed": 42,
            "recall_mean": 1.0,
            "recall_std": 0.0,
            "speedup_mean": 0.22748278935851937,
            "speedup_std": 0.0066242584906591505,
            "dist_ratio": 0.8234666666666667,
            "build_time": 1.6978010535240173e-06,
            "failure_rate_99": 0.0
          },
          {
            "seed": 123,
            "recall_mean": 1.0,
            "recall_std": 0.0,
            "speedup_mean": 0.227285675490686,
            "speedup_std": 0.0064492936232171715,
            "dist_ratio": 0.8234666666666667,
            "build_time": 1.5371479094028473e-06,
            "failure_rate_99": 0.0
          }
        ]
      },
      "5": {
        "default": [
          {
            "seed": 42,
            "recall_mean": 1.0,
            "recall_std": 0.0,
            "speedup_mean": 0.2287116729796934,
            "speedup_std": 0.0063390815563641525,
            "dist_ratio": 0.8234666666666667,
            "build_time": 7.580965757369995e-07,
            "failure_rate_99": 0.0
          },
          {
            "seed": 123,
            "recall_mean": 1.0,
            "recall_std": 0.0,
            "speedup_mean": 0.22925156969208993,
            "speedup_std": 0.006816974251706874,
            "dist_ratio": 0.8234666666666667,
            "build_time": 6.998889148235321e-07,
            "failure_rate_99": 0.0
          }
        ]
      },
      "10": {
        "default": [
          {
            "seed": 42,
            "recall_mean": 1.0,
            "recall_std": 0.0,
            "speedup_mean": 0.2267649981049982,
            "speedup_std": 0.006099392579549771,
            "dist_ratio": 0.8234666666666667,
            "build_time": 8.307397365570068e-07,
            "failure_rate_99": 0.0
          },
          {
            "seed": 123,
            "recall_mean": 1.0,
            "recall_std": 0.0,
            "speedup_mean": 0.22956728788446998,
            "speedup_std": 0.006554940055366448,
            "dist_ratio": 0.8234666666666667,
            "build_time": 7.408671081066132e-07,
            "failure_rate_99": 0.0
          }
        ]
      },
      "20": {
        "default": [
          {
            "seed": 42,
            "recall_mean": 1.0,
            "recall_std": 0.0,
            "speedup_mean": 0.2275641160872845,
            "speedup_std": 0.007362075597056168,
            "dist_ratio": 0.8234709333333333,
            "build_time": 6.617046892642975e-07,
            "failure_rate_99": 0.0
          },
          {
            "seed": 123,
            "recall_mean": 1.0,
            "recall_std": 0.0,
            "speedup_mean": 0.2275259122151313,
            "speedup_std": 0.0071587111803786034,
            "dist_ratio": 0.8234666666666667,
            "build_time": 1.0742805898189545e-06,
            "failure_rate_99": 0.0
          }
        ]
      },
      "50": {
        "default": [
          {
            "seed": 42,
            "recall_mean": 1.0,
            "recall_std": 0.0,
            "speedup_mean": 0.22663719611841288,
            "speedup_std": 0.0069858459292669465,
            "dist_ratio": 0.8235136,
            "build_time": 6.877817213535309e-07,
            "failure_rate_99": 0.0
          },
          {
            "seed": 123,
            "recall_mean": 1.0,
            "recall_std": 0.0,
            "speedup_mean": 0.2277783068273177,
            "speedup_std": 0.00798487868483653,
            "dist_ratio": 0.8235050666666666,
            "build_time": 9.08970832824707e-07,
            "failure_rate_99": 0.0
          }
        ]
      }
    }
  },
  "fashion_mnist": {
    "des_knn_pca": {
      "1": {
        "default": [
          {
            "seed": 42,
            "recall_mean": 1.0,
            "recall_std": 0.0,
            "speedup_mean": 0.22676771265315568,
            "speedup_std": 0.007499561842570609,
            "dist_ratio": 0.8234666666666667,
            "build_time": 6.477348506450653e-07,
            "failure_rate_99": 0.0
          },
          {
            "seed": 123,
            "recall_mean": 1.0,
            "recall_std": 0.0,
            "speedup_mean": 0.22882152036111897,
            "speedup_std": 0.0074928671252109105,
            "dist_ratio": 0.8234666666666667,
            "build_time": 7.310882210731506e-07,
            "failure_rate_99": 0.0
          }
        ]
      },
      "5": {
        "default": [
          {
            "seed": 42,
            "recall_mean": 1.0,
            "recall_std": 0.0,
            "speedup_mean": 0.22878829293577851,
            "speedup_std": 0.007584997661082918,
            "dist_ratio": 0.8234752000000001,
            "build_time": 7.362104952335358e-07,
            "failure_rate_99": 0.0
          },
          {
            "seed": 123,
            "recall_mean": 1.0,
            "recall_std": 0.0,
            "speedup_mean": 0.22901274677471117,
            "speedup_std": 0.007673948681837981,
            "dist_ratio": 0.8236517333333333,
            "build_time": 7.981434464454651e-07,
            "failure_rate_99": 0.0
          }
        ]
      },
      "10": {
        "default": [
          {
            "seed": 42,
            "recall_mean": 1.0,
            "recall_std": 0.0,
            "speedup_mean": 0.23137672426945405,
            "speedup_std": 0.007364631615228761,
            "dist_ratio": 0.8234794666666666,
            "build_time": 7.641501724720001e-07,
            "failure_rate_99": 0.0
          },
          {
            "seed": 123,
            "recall_mean": 1.0,
            "recall_std": 0.0,
            "speedup_mean": 0.2302820976470516,
            "speedup_std": 0.008453807038134765,
            "dist_ratio": 0.8238410666666667,
            "build_time": 1.0989606380462646e-06,
            "failure_rate_99": 0.0
          }
        ]
      },
      "20": {
        "default": [
          {
            "seed": 42,
            "recall_mean": 1.0,
            "recall_std": 0.0,
            "speedup_mean": 0.23167707823838113,
            "speedup_std": 0.007864683341126378,
            "dist_ratio": 0.8234965333333334,
            "build_time": 7.2503462433815e-07,
            "failure_rate_99": 0.0
          },
          {
            "seed": 123,
            "recall_mean": 1.0,
            "recall_std": 0.0,
            "speedup_mean": 0.22507842986162466,
            "speedup_std": 0.010412091010435703,
            "dist_ratio": 0.8236773333333334,
            "build_time": 7.566995918750763e-07,
            "failure_rate_99": 0.0
          }
        ]
      },
      "50": {
        "default": [
          {
            "seed": 42,
            "recall_mean": 1.0,
            "recall_std": 0.0,
            "speedup_mean": 0.22666971007282544,
            "speedup_std": 0.010220269368173735,
            "dist_ratio": 0.8237312,
            "build_time": 6.449408829212189e-07,
            "failure_rate_99": 0.0
          },
          {
            "seed": 123,
            "recall_mean": 1.0,
            "recall_std": 0.0,
            "speedup_mean": 0.23838829766050074,
            "speedup_std": 0.008478775478173502,
            "dist_ratio": 0.8236757333333333,
            "build_time": 7.231719791889191e-07,
            "failure_rate_99": 0.0
          }
        ]
      }
    }
  },
  "synthetic_clustered": {
    "des_knn_pca": {
      "1": {
        "default": [
          {
            "seed": 42,
            "recall_mean": 1.0,
            "recall_std": 0.0,
            "speedup_mean": 0.07780786525132481,
            "speedup_std": 0.005423651361843333,
            "dist_ratio": 0.8227441777777778,
            "build_time": 7.399357855319977e-07,
            "failure_rate_99": 0.0
          },
          {
            "seed": 123,
            "recall_mean": 1.0,
            "recall_std": 0.0,
            "speedup_mean": 0.07617554739581084,