{
  "des_knn": {
    "dataset": "synthetic_uniform",
    "method": "des_knn",
    "k": 5,
    "n_queries": 5,
    "n_train": 90000,
    "n_dims": 128,
    "random_seed": 42,
    "method_params": {
      "alpha": 0.01,
      "window_size": 100,
      "n_tables": 20,
      "n_trees": 50,
      "ef": 50
    },
    "build_time": 2.8139911592006683e-06,
    "mean_exact_time": 0.025314343185164033,
    "metrics": {
      "recall": {
        "mean": 0.27999999999999997,
        "std": 0.3709447398198282,
        "min": 0.0,
        "max": 1.0,
        "median": 0.2,
        "p10": 0.0,
        "p25": 0.0,
        "p75": 0.2,
        "p90": 0.68,
        "ci_lower": -0.23495385358581639,
        "ci_upper": 0.7949538535858163
      },
      "speedup": {
        "mean": 0.029023458161368105,
        "std": 0.0490239197144486,
        "min": 7.465252771286358e-05,
        "max": 0.12647846402827995,
        "median": 0.0031783869840338766,
        "p10": 0.0002478114035677091,
        "p25": 0.0005075497173499774,
        "p75": 0.014878237549463864,
        "p90": 0.08183837343675351,
        "ci_lower": -0.03903265280302723,
        "ci_upper": 0.09707956912576343
      },
      "dist_ratio": {
        "mean": 0.23519555555555555,
        "std": 0.38609457484013887
      },
      "failure_rate_95": 0.8,
      "failure_rate_99": 0.8
    },
    "per_query": {
      "recalls": [
        0.2,
        0.0,
        1.0,
        0.0,
        0.2
      ],
      "speedups": [
        0.0005075497173499774,
        0.12647846402827995,
        7.465252771286358e-05,
        0.014878237549463864,
        0.0031783869840338766
      ],
      "dist_counts": [
        13153,
        103,
        90000,
        489,
        2093
      ],
      "query_times": [
        49.875593109056354,
        0.20014745893422514,
        339.09559342090506,
        1.7014342660550028,
        7.964525185991079
      ],
      "stopping_points": [
        0.14614444444444444,
        0.0011444444444444445,
        1.0,
        0.005433333333333333,
        0.023255555555555557
      ]
    }
  }
}