{
  "des_knn": {
    "dataset": "synthetic_uniform",
    "method": "des_knn",
    "k": 5,
    "n_queries": 5,
    "n_train": 90000,
    "n_dims": 128,
    "random_seed": 42,
    "method_params": {
      "alpha": 0.01,
      "window_size": 100,
      "n_tables": 20,
      "n_trees": 50,
      "ef": 50
    },
    "build_time": 5.729962140321732e-07,
    "mean_exact_time": 0.02915027376729995,
    "metrics": {
      "recall": {
        "mean": 0.0,
        "std": 0.0,
        "min": 0.0,
        "max": 0.0,
        "median": 0.0,
        "p10": 0.0,
        "p25": 0.0,
        "p75": 0.0,
        "p90": 0.0,
        "ci_lower": 0.0,
        "ci_upper": 0.0
      },
      "speedup": {
        "mean": 0.010890355262588998,
        "std": 0.009650946343400963,
        "min": 0.002068539512193751,
        "max": 0.028898515075341774,
        "median": 0.005812612229548007,
        "p10": 0.003242919151756418,
        "p25": 0.005004488611100419,
        "p75": 0.012667620884761034,
        "p90": 0.022406157399109478,
        "ci_lower": -0.002507306105242097,
        "ci_upper": 0.024288016630420094
      },
      "dist_ratio": {
        "mean": 0.013117777777777777,
        "std": 0.010151945869549915
      },
      "failure_rate_95": 1.0,
      "failure_rate_99": 1.0
    },
    "per_query": {
      "recalls": [
        0.0,
        0.0,
        0.0,
        0.0,
        0.0
      ],
      "speedups": [
        0.002068539512193751,
        0.012667620884761034,
        0.005004488611100419,
        0.028898515075341774,
        0.005812612229548007
      ],
      "dist_counts": [
        2863,
        499,
        1233,
        253,
        1055
      ],
      "query_times": [
        14.092200606013648,
        2.3011640490731224,
        5.824825678020716,
        1.0087118210503832,
        5.015004031942226
      ],
      "stopping_points": [
        0.03181111111111111,
        0.005544444444444445,
        0.0137,
        0.002811111111111111,
        0.011722222222222222
      ]
    }
  }
}