{
  "des_knn": {
    "dataset": "mnist",
    "method": "des_knn",
    "k": 10,
    "n_queries": 50,
    "n_train": 60000,
    "n_dims": 784,
    "random_seed": 42,
    "method_params": {
      "tolerance": 0.5,
      "confidence": 0.99,
      "max_cv": null,
      "block_size": 256,
      "n_components": 32,
      "n_clusters": 100,
      "n_tables": 10,
      "n_trees": 10,
      "ef": 10
    },
    "build_time": 9.918585419654846e-07,
    "mean_exact_time": 0.1376384219247848,
    "metrics": {
      "recall": {
        "mean": 0.992,
        "std": 0.03370459909270543,
        "min": 0.8,
        "max": 1.0,
        "median": 1.0,
        "p10": 1.0,
        "p25": 1.0,
        "p75": 1.0,
        "p90": 1.0,
        "ci_lower": 0.9823240103265615,
        "ci_upper": 1.0016759896734384
      },
      "speedup": {
        "mean": 0.33562108767984106,
        "std": 0.003550261146467099,
        "min": 0.32786276996705177,
        "max": 0.343447584929816,
        "median": 0.33557054160736155,
        "p10": 0.3312082283792047,
        "p25": 0.3330430420793946,
        "p75": 0.3382770350950279,
        "p90": 0.3401356548646106,
        "ci_lower": 0.3346018709819436,
        "ci_upper": 0.3366403043777385
      },
      "dist_ratio": {
        "mean": 0.99232,
        "std": 0.006846637455309317
      },
      "failure_rate_95": 0.06,
      "failure_rate_99": 0.06,
      "scan_ratio": {
        "mean": 0.9923199999999999,
        "std": 0.006846637455309305
      }
    },
    "per_query": {
      "recalls": [
        1.0,
        1.0,
        1.0,
        1.0,
        1.0,
        1.0,
        1.0,
        1.0,
        1.0,
        1.0,
        1.0,
        1.0,
        1.0,
        0.9,
        1.0,
        1.0,
        1.0,
        1.0,
        1.0,
        1.0,
        1.0,
        1.0,
        1.0,
        1.0,
        1.0,
        1.0,
        0.8,
        1.0,
        1.0,
        1.0,
        1.0,
        1.0,
        0.9,
        1.0,
        1.0,
        1.0,
        1.0,
        1.0,
        1.0,
        1.0,
        1.0,
        1.0,
        1.0,
        1.0,
        1.0,
        1.0,
        1.0,
        1.0,
        1.0,
        1.0
      ],
      "speedups": [
        0.3312011990168464,
        0.3312628661312535,
        0.3358425053065276,
        0.3350792402653332,
        0.33337307034660274,
        0.3337681284356911,
        0.32910120187847663,
        0.3352479381608153,
        0.3314197687526589,
        0.33021159674498274,
        0.33852937187018217,
        0.3325020501646446,
        0.3353485604540713,
        0.341589339895223,
        0.3339603117958811,
        0.34143207542811665,
        0.3359829922434598,
        0.33293303265699187,
        0.33888776515717695,
        0.3342144773000471,
        0.3338388164599885,
        0.3304599963409014,
        0.3338729041577159,
        0.3365558235297324,
        0.33120900941946674,
        0.339156417267471,
        0.3418208323451131,
        0.3357925227606518,
        0.33507670128904826,
        0.33752002476956494,
        0.3350171740071102,
        0.33870457590938785,
        0.33678109383776805,
        0.32786276996705177,
        0.33288528970494957,
        0.3368130047856198,
        0.332721798831935,
        0.3368338323654993,
        0.3391398506682187,
        0.33703318892566586,
        0.343447584929816,
        0.3365660005458296,
        0.3388397306085741,
        0.33999160813533214,
        0.33624311274346114,
        0.34241796765409543,
        0.33193114411751184,
        0.3395549975628137,
        0.3367525210334648,
        0.33432659731331577
      ],
      "dist_counts": [
        59904,
        60000,
        59136,
        59904,
        59904,
        59648,
        59904,
        59392,
        59904,
        59392,
        59136,
        59648,
        59136,
        58368,
        59904,
        58880,
        59904,
        59904,
        59392,
        59904,
        59648,
        59904,
        59904,
        59648,
        59904,
        58880,
        58624,
        60000,
        59904,
        59392,
        59648,
        58880,
        59136,
        59904,
        59904,
        59392,
        59904,
        59648,
        59136,
        59392,
        58624,
        59648,
        59648,
        59392,
        59904,
        59136,
        59648,
        59392,
        59648,
        59904
      ],
      "query_times": [
        0.41557344095781446,
        0.41549607878550887,
        0.40983026195317507,
        0.41076379967853427,
        0.4128660475835204,
        0.4123773667961359,
        0.4182252180762589,
        0.4105571019463241,
        0.4152993722818792,
        0.41681886184960604,
        0.4065774888731539,
        0.41394758876413107,
        0.410433913115412,
        0.40293535497039557,
        0.4121400569565594,
        0.40312094800174236,
        0.40965889673680067,
        0.413411732763052,
        0.4061475098133087,
        0.4118266301229596,
        0.4122900487855077,
        0.41650554817169905,
        0.4122479548677802,
        0.40896164113655686,
        0.41556364111602306,
        0.40582579281181097,
        0.40266247373074293,
        0.40989126497879624,
        0.41076691215857863,
        0.4077933509834111,
        0.4108398989774287,
        0.4063671757467091,
        0.4086880898103118,
        0.419804974924773,
        0.4134710249491036,
        0.4086493691429496,
        0.41367419390007854,
        0.4086241009645164,
        0.40584561694413424,
        0.40838239807635546,
        0.400755247566849,
        0.4089492750354111,
        0.4062050860375166,
        0.40482887998223305,
        0.40934198116883636,
        0.40196027932688594,
        0.4146595592610538,
        0.40534942178055644,
        0.40872276620939374,
        0.411688519641757
      ],
      "scan_ratios": [
        0.9984,
        1.0,
        0.9856,
        0.9984,
        0.9984,
        0.9941333333333333,
        0.9984,
        0.9898666666666667,
        0.9984,
        0.9898666666666667,
        0.9856,
        0.9941333333333333,
        0.9856,
        0.9728,
        0.9984,
        0.9813333333333333,
        0.9984,
        0.9984,
        0.9898666666666667,
        0.9984,
        0.9941333333333333,
        0.9984,
        0.9984,
        0.9941333333333333,
        0.9984,
        0.9813333333333333,
        0.9770666666666666,
        1.0,
        0.9984,
        0.9898666666666667,
        0.9941333333333333,
        0.9813333333333333,
        0.9856,
        0.9984,
        0.9984,
        0.9898666666666667,
        0.9984,
        0.9941333333333333,
        0.9856,
        0.9898666666666667,
        0.9770666666666666,
        0.9941333333333333,
        0.9941333333333333,
        0.9898666666666667,
        0.9984,
        0.9856,
        0.9941333333333333,
        0.9898666666666667,
        0.9941333333333333,
        0.9984
      ]
    }
  }
}