{
  "des_knn_cluster": {
    "dataset": "mnist",
    "method": "des_knn_cluster",
    "k": 10,
    "n_queries": 50,
    "n_train": 60000,
    "n_dims": 784,
    "random_seed": 42,
    "method_params": {
      "stop_check_every": 50,
      "tolerance": 0.5,
      "confidence": 0.99,
      "max_cv": null,
      "n_tables": 10,
      "n_trees": 10,
      "ef": 10,
      "n_components": 32,
      "n_clusters": 100,
      "block_size": 256
    },
    "build_time": 2.1462328732013702e-06,
    "mean_exact_time": 0.13922655813395976,
    "metrics": {
      "recall": {
        "mean": 1.0,
        "std": 0.0,
        "min": 1.0,
        "max": 1.0,
        "median": 1.0,
        "p10": 1.0,
        "p25": 1.0,
        "p75": 1.0,
        "p90": 1.0,
        "ci_lower": 1.0,
        "ci_upper": 1.0
      },
      "speedup": {
        "mean": 0.39764876643439634,
        "std": 0.004114602352305776,
        "min": 0.3822887663038948,
        "max": 0.4049339930252163,
        "median": 0.39839572659399636,
        "p10": 0.3931098838033418,
        "p25": 0.39561752053234367,
        "p75": 0.40055340264261124,
        "p90": 0.40193591944242824,
        "ci_lower": 0.3964675374347067,
        "ci_upper": 0.398829995434086
      },
      "dist_ratio": {
        "mean": 0.9071786666666667,
        "std": 0.003292805355788755
      },
      "failure_rate_95": 0.0,
      "failure_rate_99": 0.0,
      "scan_ratio": {
        "mean": 0.9071786666666667,
        "std": 0.0032928053557887815
      }
    },
    "per_query": {
      "recalls": [
        1.0,
        1.0,
        1.0,
        1.0,
        1.0,
        1.0,
        1.0,
        1.0,
        1.0,
        1.0,
        1.0,
        1.0,
        1.0,
        1.0,
        1.0,
        1.0,
        1.0,
        1.0,
        1.0,
        1.0,
        1.0,
        1.0,
        1.0,
        1.0,
        1.0,
        1.0,
        1.0,
        1.0,
        1.0,
        1.0,
        1.0,
        1.0,
        1.0,
        1.0,
        1.0,
        1.0,
        1.0,
        1.0,
        1.0,
        1.0,
        1.0,
        1.0,
        1.0,
        1.0,
        1.0,
        1.0,
        1.0,
        1.0,
        1.0,
        1.0
      ],
      "speedups": [
        0.3822887663038948,
        0.3896721343981218,
        0.39170408847944965,
        0.3932660832837742,
        0.3949971917758523,
        0.4005667621765072,
        0.3956453939455824,
        0.3936482856860422,
        0.39935347786696945,
        0.39587599820118685,
        0.40116313501929013,
        0.39920358023230146,
        0.39432951691665,
        0.39560822939459744,
        0.39499509712747977,
        0.39840032673365194,
        0.3951963782293136,
        0.39874175714436744,
        0.4015746098877732,
        0.4035074738373464,
        0.4019293227574332,
        0.3972101541583497,
        0.40193482486553644,
        0.3990594158172862,
        0.40064877982128455,
        0.40296190354901207,
        0.3940185147274415,
        0.40090879692838444,
        0.4019457706344545,
        0.40145145517506275,
        0.3978034478185995,
        0.3990628448993337,
        0.39941323057886036,
        0.3998965938768861,
        0.3984054634889619,
        0.3901271635885816,
        0.39993137697571035,
        0.3969666360946331,
        0.3983911264543407,
        0.3971156868399891,
        0.3978153649051807,
        0.398181480512841,
        0.39577150872708605,
        0.39656816430365854,
        0.4003352619707272,
        0.4027232579201888,
        0.39077117646759674,
        0.4005133240409233,
        0.4049339930252163,
        0.39590399415610283
      ],
      "dist_counts": [
        54528,
        54528,
        54272,
        54528,
        54528,
        54272,
        54528,
        54528,
        54272,
        54528,
        54272,
        54528,
        54272,
        54784,
        54528,
        54272,
        55040,
        54272,
        54272,
        54272,
        54272,
        54272,
        54272,
        54272,
        54272,
        54528,
        54784,
        54272,
        54272,
        54272,
        54528,
        54528,
        54528,
        54528,
        54272,
        55040,
        54272,
        54528,
        54272,
        54272,
        54528,
        54272,
        54528,
        54272,
        54528,
        54272,
        54784,
        54272,
        54272,
        54528
      ],
      "query_times": [
        0.3641921249218285,
        0.3572915429249406,
        0.35543810296803713,
        0.3540263553149998,
        0.35247480496764183,
        0.34757391596212983,
        0.3518973309546709,
        0.35368262277916074,
        0.3486298876814544,
        0.3516923449933529,
        0.3470572093501687,
        0.34876079531386495,
        0.3530716118402779,
        0.35193038918077946,
        0.3524766741320491,
        0.34946396574378014,
        0.35229715099558234,
        0.3491647304035723,
        0.34670159593224525,
        0.3450408410280943,
        0.3463956229388714,
        0.3505110749974847,
        0.34639088110998273,
        0.3488867888227105,
        0.3475027633830905,
        0.34550799196586013,
        0.3533502942882478,
        0.34727738378569484,
        0.34638144820928574,
        0.3468079548329115,
        0.34998831432312727,
        0.3488837908953428,
        0.3485777322202921,
        0.3481563990935683,
        0.34945946000516415,
        0.3568748119287193,
        0.34812611900269985,
        0.3507260950282216,
        0.34947203611955047,
        0.3505944558419287,
        0.34997782995924354,
        0.3496560361236334,
        0.3517851969227195,
        0.3510785046964884,
        0.34777490608394146,
        0.345712732989341,
        0.35628666216507554,
        0.3476202907040715,
        0.34382531605660915,
        0.35166747542098165
      ],
      "stopping_points": [
        0.9088,
        0.9088,
        0.9045333333333333,
        0.9088,
        0.9088,
        0.9045333333333333,
        0.9088,
        0.9088,
        0.9045333333333333,
        0.9088,
        0.9045333333333333,
        0.9088,
        0.9045333333333333,
        0.9130666666666667,
        0.9088,
        0.9045333333333333,
        0.9173333333333333,
        0.9045333333333333,
        0.9045333333333333,
        0.9045333333333333,
        0.9045333333333333,
        0.9045333333333333,
        0.9045333333333333,
        0.9045333333333333,
        0.9045333333333333,
        0.9088,
        0.9130666666666667,
        0.9045333333333333,
        0.9045333333333333,
        0.9045333333333333,
        0.9088,
        0.9088,
        0.9088,
        0.9088,
        0.9045333333333333,
        0.9173333333333333,
        0.9045333333333333,
        0.9088,
        0.9045333333333333,
        0.9045333333333333,
        0.9088,
        0.9045333333333333,
        0.9088,
        0.9045333333333333,
        0.9088,
        0.9045333333333333,
        0.9130666666666667,
        0.9045333333333333,
        0.9045333333333333,
        0.9088
      ]
    }
  }
}