{
  "des_knn_pca": {
    "dataset": "mnist",
    "method": "des_knn_pca",
    "k": 10,
    "n_queries": 50,
    "n_train": 60000,
    "n_dims": 784,
    "random_seed": 42,
    "method_params": {
      "stop_check_every": 50,
      "tolerance": 0.5,
      "confidence": 0.99,
      "max_cv": null,
      "n_tables": 10,
      "n_trees": 10,
      "ef": 10,
      "n_components": 32,
      "n_clusters": 100,
      "block_size": 256
    },
    "build_time": 2.251937985420227e-06,
    "mean_exact_time": 0.13882892039604486,
    "metrics": {
      "recall": {
        "mean": 1.0,
        "std": 0.0,
        "min": 1.0,
        "max": 1.0,
        "median": 1.0,
        "p10": 1.0,
        "p25": 1.0,
        "p75": 1.0,
        "p90": 1.0,
        "ci_lower": 1.0,
        "ci_upper": 1.0
      },
      "speedup": {
        "mean": 0.369720213517518,
        "std": 0.002107648769281955,
        "min": 0.36577280508711385,
        "max": 0.37379076089881424,
        "median": 0.36977425874507863,
        "p10": 0.3668864289981571,
        "p25": 0.3683071677829931,
        "p75": 0.37165254298569506,
        "p90": 0.37252383415868867,
        "ci_lower": 0.36911514512104443,
        "ci_upper": 0.37032528191399156
      },
      "dist_ratio": {
        "mean": 0.9045333333333333,
        "std": 0.0
      },
      "failure_rate_95": 0.0,
      "failure_rate_99": 0.0,
      "scan_ratio": {
        "mean": 0.9045333333333333,
        "std": 0.0
      }
    },
    "per_query": {
      "recalls": [
        1.0,
        1.0,
        1.0,
        1.0,
        1.0,
        1.0,
        1.0,
        1.0,
        1.0,
        1.0,
        1.0,
        1.0,
        1.0,
        1.0,
        1.0,
        1.0,
        1.0,
        1.0,
        1.0,
        1.0,
        1.0,
        1.0,
        1.0,
        1.0,
        1.0,
        1.0,
        1.0,
        1.0,
        1.0,
        1.0,
        1.0,
        1.0,
        1.0,
        1.0,
        1.0,
        1.0,
        1.0,
        1.0,
        1.0,
        1.0,
        1.0,
        1.0,
        1.0,
        1.0,
        1.0,
        1.0,
        1.0,
        1.0,
        1.0,
        1.0
      ],
      "speedups": [
        0.36688090642351634,
        0.3669856534999799,
        0.3687932772498764,
        0.36995731609523946,
        0.36627990951757244,
        0.3719357097757665,
        0.37260155285372043,
        0.36882880777734967,
        0.37379076089881424,
        0.3705369195426065,
        0.3695288261633925,
        0.3706355833428831,
        0.36911446033078477,
        0.368860556806917,
        0.3717669573447271,
        0.36713786889973166,
        0.37179331138336624,
        0.37061693045967364,
        0.3701199299199422,
        0.37254385533156964,
        0.3659254018511069,
        0.36731340038299093,
        0.36877998129654005,
        0.367164913675834,
        0.369348284988135,
        0.3666003823706565,
        0.3668870426175616,
        0.3696459961512696,
        0.3671872138955513,
        0.3682432352911177,
        0.3675406996568034,
        0.36577280508711385,
        0.37214245736871476,
        0.3696742423080615,
        0.3684989652586194,
        0.3720241884723867,
        0.3701589745223168,
        0.3731123980211908,
        0.37044066996830005,
        0.3702763881702111,
        0.37332951133269815,
        0.3718738111358633,
        0.37029447649841024,
        0.37110290442612154,
        0.3691317040487326,
        0.3721116698381584,
        0.371309299908599,
        0.36901467894938533,
        0.3725216095839241,
        0.3698742751820958
      ],
      "dist_counts": [
        54272,
        54272,
        54272,
        54272,
        54272,
        54272,
        54272,
        54272,
        54272,
        54272,
        54272,
        54272,
        54272,
        54272,
        54272,
        54272,
        54272,
        54272,
        54272,
        54272,
        54272,
        54272,
        54272,
        54272,
        54272,
        54272,
        54272,
        54272,
        54272,
        54272,
        54272,
        54272,
        54272,
        54272,
        54272,
        54272,
        54272,
        54272,
        54272,
        54272,
        54272,
        54272,
        54272,
        54272,
        54272,
        54272,
        54272,
        54272,
        54272,
        54272
      ],
      "query_times": [
        0.378403231035918,
        0.37829522509127855,
        0.37644102796912193,
        0.3752565886825323,
        0.3790241200476885,
        0.3732605306431651,
        0.3725935099646449,
        0.37640476413071156,
        0.37140811095014215,
        0.37466960260644555,
        0.3756917202845216,
        0.37456986494362354,
        0.3761134697124362,
        0.3763723657466471,
        0.37342996103689075,
        0.3781383838504553,
        0.373403490986675,
        0.3745887167751789,
        0.375091718044132,
        0.37265121517702937,
        0.3793913177214563,
        0.37795767933130264,
        0.3764546001330018,
        0.37811053078621626,
        0.37587536219507456,
        0.37869278667494655,
        0.3783969022333622,
        0.37557263392955065,
        0.37808756716549397,
        0.3770033149048686,
        0.3777239378541708,
        0.3795495959930122,
        0.37305316189303994,
        0.375543937087059,
        0.37674168311059475,
        0.37317175790667534,
        0.3750521531328559,
        0.37208337523043156,
        0.3747669509612024,
        0.37493322510272264,
        0.37186698662117124,
        0.3733226601034403,
        0.37491491017863154,
        0.37409817799925804,
        0.3760958998464048,
        0.37308402732014656,
        0.3738902322947979,
        0.3762151706032455,
        0.3726734686642885,
        0.3753408379852772
      ],
      "stopping_points": [
        0.9045333333333333,
        0.9045333333333333,
        0.9045333333333333,
        0.9045333333333333,
        0.9045333333333333,
        0.9045333333333333,
        0.9045333333333333,
        0.9045333333333333,
        0.9045333333333333,
        0.9045333333333333,
        0.9045333333333333,
        0.9045333333333333,
        0.9045333333333333,
        0.9045333333333333,
        0.9045333333333333,
        0.9045333333333333,
        0.9045333333333333,
        0.9045333333333333,
        0.9045333333333333,
        0.9045333333333333,
        0.9045333333333333,
        0.9045333333333333,
        0.9045333333333333,
        0.9045333333333333,
        0.9045333333333333,
        0.9045333333333333,
        0.9045333333333333,
        0.9045333333333333,
        0.9045333333333333,
        0.9045333333333333,
        0.9045333333333333,
        0.9045333333333333,
        0.9045333333333333,
        0.9045333333333333,
        0.9045333333333333,
        0.9045333333333333,
        0.9045333333333333,
        0.9045333333333333,
        0.9045333333333333,
        0.9045333333333333,
        0.9045333333333333,
        0.9045333333333333,
        0.9045333333333333,
        0.9045333333333333,
        0.9045333333333333,
        0.9045333333333333,
        0.9045333333333333,
        0.9045333333333333,
        0.9045333333333333,
        0.9045333333333333
      ]
    }
  }
}